"ORG_PADR_ID","ORG_PADR_SIGLA","ORG_PADR_NOME","ORG_PADR_ID","ORG_PADR_SIGLA","ORG_PADR_NOME","ORGAO_UNIFICADO_ID_ORIGEM","ORGAO_UNIFICADO_SIGLA","ORGAO_UNIFICADO_NOME","ORGAO_UNIFICADO_FONTE","ORGAO_UNIFICADO_ID","ORGAO_UNIFICADO_SITUACAO","ORGAO_UNIFICADO_COD_SIORG_ORIGEM","ORGAO_PADRONIZADO_ID","ORG_PADR_ID_OU"
7,AGU,ADVOCACIA-GERAL DA UNIÃO,7,AGU,ADVOCACIA-GERAL DA UNIÃO,63000,AGU,ADVOCACIA-GERAL DA UNIAO,SIAFI,463,ATIVO,46,245,7
7,AGU,ADVOCACIA-GERAL DA UNIÃO,7,AGU,ADVOCACIA-GERAL DA UNIÃO,20114,AGU,ADVOCACIA-GERAL DA UNIAO,SIAFI,465,ATIVO,46,245,7
7,AGU,ADVOCACIA-GERAL DA UNIÃO,7,AGU,ADVOCACIA-GERAL DA UNIÃO,40116,AGU,ADVOCACIA-GERAL DA UNIAO,SIAPE,542,ATIVO,46,245,7
7,AGU,ADVOCACIA-GERAL DA UNIÃO,7,AGU,ADVOCACIA-GERAL DA UNIÃO,40106,AGU,ADVOCACIA-GERAL DA UNIAO,SIAPE,74,NÃO INFORMADO,46,245,7
7,AGU,ADVOCACIA-GERAL DA UNIÃO,7,AGU,ADVOCACIA-GERAL DA UNIÃO,7,AGU,Advocacia-Geral da União,SIORG,245,ATIVO,46,245,7
8,BCB,BANCO CENTRAL DO BRASIL,213,COAF,Conselho de Controle de Atividades Financeiras,25202,COAF,CONSELHO DE CONTROLE DE ATIVIDADES FINANCEIRAS,SIAPE,523,ATIVO,32061,,213
8,BCB,BANCO CENTRAL DO BRASIL,8,BCB,BANCO CENTRAL DO BRASIL,8,BCB,Banco Central do Brasil,SIORG,9,ATIVO,89,,8
8,BCB,BANCO CENTRAL DO BRASIL,213,COAF,Conselho de Controle de Atividades Financeiras,213,COAF,Conselho de Controle de Atividades Financeiras,SIORG,36,ATIVO,32061,,213
180,CGU,CONTROLADORIA-GERAL DA UNIÃO,180,CGU,CONTROLADORIA-GERAL DA UNIÃO,37000,CGU,CONTROLADORIA-GERAL DA UNIAO,SIAFI,306,ATIVO,214460,270,180
180,CGU,CONTROLADORIA-GERAL DA UNIÃO,180,CGU,CONTROLADORIA-GERAL DA UNIÃO,59000,CGU,CGU,SIAPE,495,NÃO INFORMADO,214460,270,180
180,CGU,CONTROLADORIA-GERAL DA UNIÃO,180,CGU,CONTROLADORIA-GERAL DA UNIÃO,180,CGU,Controladoria-Geral da União,SIORG,215,ATIVO,214460,,180
191,MAPA,MINISTÉRIO DA AGRICULTURA E PECUÁRIA,191,MAPA,MINISTÉRIO DA AGRICULTURA E PECUÁRIA,22000,MAPA,MINISTERIO DA AGRICULTURA E PECUARIA,SIAFI,585,,308793,,191
191,MAPA,MINISTÉRIO DA AGRICULTURA E PECUÁRIA,191,MAPA,MINISTÉRIO DA AGRICULTURA E PECUÁRIA,13000,MAPA,MINIST DA AGRICULTURA E DO ABASTECIMENTO,SIAPE,414,NÃO INFORMADO,14,37,191
191,MAPA,MINISTÉRIO DA AGRICULTURA E PECUÁRIA,191,MAPA,MINISTÉRIO DA AGRICULTURA E PECUÁRIA,13300,MAPA,MINISTERIO DA AGRICULTURA E PECUARIA,SIAPE,546,,308793,,191
191,MAPA,MINISTÉRIO DA AGRICULTURA E PECUÁRIA,191,MAPA,MINISTÉRIO DA AGRICULTURA E PECUÁRIA,191,MAPA,Ministério da Agricultura e Pecuária,SIORG,253,ATIVO,308793,,191
196,MCID,MINISTÉRIO DAS CIDADES,196,MCID,MINISTÉRIO DAS CIDADES,40200,MCID,MINISTERIO DAS CIDADES,SIAPE,574,,308798,,196
196,MCID,MINISTÉRIO DAS CIDADES,196,MCID,MINISTÉRIO DAS CIDADES,196,MCID,Ministério das Cidades,SIORG,236,ATIVO,308798,,196
189,MCOM,MINISTÉRIO DAS COMUNICAÇÕES,121,ANATEL,AGÊNCIA NACIONAL DE TELECOMUNICAÇÕES,41231,ANATEL,AGENCIA NACIONAL DE TELECOMUNICACOES,SIAFI,358,ATIVO,25064,256,121
189,MCOM,MINISTÉRIO DAS COMUNICAÇÕES,189,MCOM,MINISTÉRIO DAS COMUNICAÇÕES,41101,MCOM,MINISTÉRIO DAS COMUNICAÇÕES,SIAFI,586,ATIVO,0,0,189
189,MCOM,MINISTÉRIO DAS COMUNICAÇÕES,121,ANATEL,AGÊNCIA NACIONAL DE TELECOMUNICAÇÕES,41231,ANATEL,AGENCIA NACIONAL DE TELECOMUNICACOES,SIAPE,487,NÃO INFORMADO,25064,256,121
189,MCOM,MINISTÉRIO DAS COMUNICAÇÕES,189,MCOM,MINISTÉRIO DAS COMUNICAÇÕES,41100,MCOM,MINISTÉRIO DAS COMUNICAÇÕES,SIAPE,524,NÃO INFORMADO,264359,24,189
189,MCOM,MINISTÉRIO DAS COMUNICAÇÕES,189,MCOM,MINISTÉRIO DAS COMUNICAÇÕES,189,MCOM,Ministério das Comunicações,SIORG,223,ATIVO,264359,,189
189,MCOM,MINISTÉRIO DAS COMUNICAÇÕES,121,ANATEL,AGÊNCIA NACIONAL DE TELECOMUNICAÇÕES,121,ANATEL,Agência Nacional de Telecomunicações,SIORG,189,ATIVO,25064,,121
190,MCTI,"MINISTÉRIO DA CIÊNCIA, TECNOLOGIA E INOVAÇÃO",4,CNPQ,CONSELHO NACIONAL DE DESENVOLVIMENTO CIENTÍFICO E TECNOLÓGICO,20501,CNPQ,CONSELHO NACIONAL DE DES.CIENT.E TECNOLOGICO,SIAFI,433,ATIVO,8,105,4
190,MCTI,"MINISTÉRIO DA CIÊNCIA, TECNOLOGIA E INOVAÇÃO",190,MCTI,"MINISTÉRIO DA CIÊNCIA, TECNOLOGIA E INOVAÇÃO",24000,MCTI,"MINISTERIO DA CIENCIA,TECNOLOGIA E INOVAÇÕES",SIAFI,319,ATIVO,1988,251,190
190,MCTI,"MINISTÉRIO DA CIÊNCIA, TECNOLOGIA E INOVAÇÃO",110,AEB,AGÊNCIA ESPACIAL BRASILEIRA,20402,AEB,AGENCIA ESPACIAL BRASILEIRA - AEB,SIAFI,317,ATIVO,4243,85,110
190,MCTI,"MINISTÉRIO DA CIÊNCIA, TECNOLOGIA E INOVAÇÃO",23,CNEN,COMISSÃO NACIONAL DE ENERGIA NUCLEAR,20301,CNEN,COMISSAO NACIONAL DE ENERGIA NUCLEAR,SIAFI,368,ATIVO,223,42,23
190,MCTI,"MINISTÉRIO DA CIÊNCIA, TECNOLOGIA E INOVAÇÃO",23,CNEN,COMISSÃO NACIONAL DE ENERGIA NUCLEAR,40301,CNEN,COMISSAO NACIONAL DE ENERGIA NUCLEAR,SIAPE,212,NÃO INFORMADO,223,42,23
190,MCTI,"MINISTÉRIO DA CIÊNCIA, TECNOLOGIA E INOVAÇÃO",110,AEB,AGÊNCIA ESPACIAL BRASILEIRA,21300,AEB,AGENCIA ESPACIAL BRASILEIRA,SIAPE,283,NÃO INFORMADO,4243,85,110
190,MCTI,"MINISTÉRIO DA CIÊNCIA, TECNOLOGIA E INOVAÇÃO",190,MCTI,"MINISTÉRIO DA CIÊNCIA, TECNOLOGIA E INOVAÇÃO",40108,MCTIC,MINISTERIO DA CIENCIA E TECNOLOGIA,SIAPE,75,NÃO INFORMADO,267175,251,190
190,MCTI,"MINISTÉRIO DA CIÊNCIA, TECNOLOGIA E INOVAÇÃO",4,CNPQ,CONSELHO NACIONAL DE DESENVOLVIMENTO CIENTÍFICO E TECNOLÓGICO,40501,CNPQ,CONSELHO NAC.DE DESEN.CIEN.E TECNOLOGICO,SIAPE,377,NÃO INFORMADO,8,105,4
190,MCTI,"MINISTÉRIO DA CIÊNCIA, TECNOLOGIA E INOVAÇÃO",23,CNEN,COMISSÃO NACIONAL DE ENERGIA NUCLEAR,23,CNEN,Comissão Nacional de Energia Nuclear,SIORG,176,ATIVO,223,,23
190,MCTI,"MINISTÉRIO DA CIÊNCIA, TECNOLOGIA E INOVAÇÃO",4,CNPQ,CONSELHO NACIONAL DE DESENVOLVIMENTO CIENTÍFICO E TECNOLÓGICO,4,CNPQ,Conselho Nacional de Desenvolvimento Científico e Tecnológico,SIORG,179,ATIVO,8,,4
190,MCTI,"MINISTÉRIO DA CIÊNCIA, TECNOLOGIA E INOVAÇÃO",190,MCTI,"MINISTÉRIO DA CIÊNCIA, TECNOLOGIA E INOVAÇÃO",190,MCTI,"Ministério da Ciência, Tecnologia e Inovação",SIORG,172,ATIVO,267175,,190
190,MCTI,"MINISTÉRIO DA CIÊNCIA, TECNOLOGIA E INOVAÇÃO",110,AEB,AGÊNCIA ESPACIAL BRASILEIRA,110,AEB,Agência Espacial Brasileira,SIORG,30,ATIVO,4243,,110
138,MD,MINISTÉRIO DA DEFESA,138,MD,MINISTÉRIO DA DEFESA,40115,MD,MINISTERIO DA DEFESA,SIAPE,575,,41066,,138
138,MD,MINISTÉRIO DA DEFESA,163,COMAER,COMANDO DA AERONÁUTICA,21000,C.AER,MINISTERIO DA AERONAUTICA,SIAPE,430,NÃO INFORMADO,48,123,163
138,MD,MINISTÉRIO DA DEFESA,164,C EX,COMANDO DO EXÉRCITO,16000,C.EX,MINISTERIO DO EXERCITO,SIAPE,496,NÃO INFORMADO,94,123,164
138,MD,MINISTÉRIO DA DEFESA,165,MB,COMANDO DA MARINHA,70000,CM,MINISTERIO DA MARINHA,SIAPE,521,NÃO INFORMADO,185,123,165
138,MD,MINISTÉRIO DA DEFESA,90,CFIAE,CAIXA DE FINANCIAMENTO IMOBILIÁRIO DA AERONÁUTICA,21201,CFIA,CAIXA DE FINANCIAMENTO IMOB.AERONAUTICA,SIAPE,334,NÃO INFORMADO,930,50,90
138,MD,MINISTÉRIO DA DEFESA,112,FOSORIO,FUNDAÇÃO OSÓRIO,16100,F OSORIO,FUNDACAO OSORIO,SIAPE,277,NÃO INFORMADO,8406,27,112
138,MD,MINISTÉRIO DA DEFESA,138,MD,MINISTÉRIO DA DEFESA,40105,MD,MINISTERIO DA DEFESA,SIAPE,2,,888887,,138
138,MD,MINISTÉRIO DA DEFESA,138,MD,MINISTÉRIO DA DEFESA,138,MD,Ministério da Defesa,SIORG,250,ATIVO,41066,,138
138,MD,MINISTÉRIO DA DEFESA,112,FOSORIO,FUNDAÇÃO OSÓRIO,112,FOSORIO,Fundação Osório,SIORG,19,ATIVO,8406,,112
138,MD,MINISTÉRIO DA DEFESA,165,MB,COMANDO DA MARINHA,165,MB,Comando da Marinha,SIORG,216,ATIVO,185,,165
138,MD,MINISTÉRIO DA DEFESA,164,C EX,COMANDO DO EXÉRCITO,164,C EX,Comando do Exército,SIORG,18,ATIVO,94,,164
138,MD,MINISTÉRIO DA DEFESA,163,COMAER,COMANDO DA AERONÁUTICA,163,COMAER,Comando da Aeronáutica,SIORG,28,ATIVO,48,,163
138,MD,MINISTÉRIO DA DEFESA,90,CFIAE,CAIXA DE FINANCIAMENTO IMOBILIÁRIO DA AERONÁUTICA,90,CFIAE,Caixa de Financiamento Imobiliário da Aeronáutica,SIORG,29,ATIVO,930,,90
192,MDA,MINISTÉRIO DO DESENVOLVIMENTO AGRÁRIO E AGRICULTURA FAMILIAR,92,INCRA,INSTITUTO NACIONAL DE COLONIZAÇÃO E REFORMA AGRÁRIA,22201,INCRA,INSTIT. NAC. DE COLONIZACAO E REFORMA AGRARIA,SIAFI,529,ATIVO,1799,51,92
192,MDA,MINISTÉRIO DO DESENVOLVIMENTO AGRÁRIO E AGRICULTURA FAMILIAR,192,MDA,MINISTÉRIO DO DESENVOLVIMENTO AGRÁRIO E AGRICULTURA FAMILIAR,49000,MDA,MINISTERIO DO DESENVOLVIMENTO AGRARIO,SIAFI,363,ATIVO,17125,281,192
192,MDA,MINISTÉRIO DO DESENVOLVIMENTO AGRÁRIO E AGRICULTURA FAMILIAR,192,MDA,MINISTÉRIO DO DESENVOLVIMENTO AGRÁRIO E AGRICULTURA FAMILIAR,13100,MDA,MIN DO DESENV AGR E AGRIC FAMILIAR,SIAPE,547,,308794,,192
192,MDA,MINISTÉRIO DO DESENVOLVIMENTO AGRÁRIO E AGRICULTURA FAMILIAR,92,INCRA,INSTITUTO NACIONAL DE COLONIZAÇÃO E REFORMA AGRÁRIA,42201,INCRA,INSTITUTO NAC. DE COLONIZ E REF AGRARIA,SIAPE,379,NÃO INFORMADO,1799,51,92
192,MDA,MINISTÉRIO DO DESENVOLVIMENTO AGRÁRIO E AGRICULTURA FAMILIAR,192,MDA,MINISTÉRIO DO DESENVOLVIMENTO AGRÁRIO E AGRICULTURA FAMILIAR,192,MDA,Ministério do Desenvolvimento Agrário e Agricultura Familiar,SIORG,234,ATIVO,308794,,192
192,MDA,MINISTÉRIO DO DESENVOLVIMENTO AGRÁRIO E AGRICULTURA FAMILIAR,92,INCRA,INSTITUTO NACIONAL DE COLONIZAÇÃO E REFORMA AGRÁRIA,92,INCRA,Instituto Nacional de Colonização e Reforma Agrária,SIORG,191,ATIVO,1799,,92
203,MDHC,MINISTÉRIO DOS DIREITOS HUMANOS E DA CIDADANIA,203,MDHC,MINISTÉRIO DOS DIREITOS HUMANOS E DA CIDADANIA,81100,MDHC,MIN DOS DIR HUM E DA CIDADANIA,SIAPE,568,,308816,,203
203,MDHC,MINISTÉRIO DOS DIREITOS HUMANOS E DA CIDADANIA,203,MDHC,MINISTÉRIO DOS DIREITOS HUMANOS E DA CIDADANIA,203,MDHC,Ministério dos Direitos Humanos e da Cidadania,SIORG,247,ATIVO,308816,,203
201,MDIC,"MINISTÉRIO DO DESENVOLVIMENTO, INDÚSTRIA, COMÉRCIO E SERVIÇOS",31,INPI,INSTITUTO NACIONAL DA PROPRIEDADE INDUSTRIAL,30204,INPI,INSTITUTO NAC. DA PROPRIEDADE INDUSTRIAL,SIAFI,280,ATIVO,382,112,31
201,MDIC,"MINISTÉRIO DO DESENVOLVIMENTO, INDÚSTRIA, COMÉRCIO E SERVIÇOS",9,INMETRO,"INSTITUTO NACIONAL DE METROLOGIA, QUALIDADE E TECNOLOGIA",30203,INMETRO,INSTIT.NAC. DE METROLOG. QUALID. E TECNOLOGIA,SIAFI,349,ATIVO,240,240,9
201,MDIC,"MINISTÉRIO DO DESENVOLVIMENTO, INDÚSTRIA, COMÉRCIO E SERVIÇOS",19,SUFRAMA,SUPERINTENDÊNCIA DA ZONA FRANCA DE MANAUS,20603,SUFRAMA,SUPERINTENDENCIA DA ZONA FRANCA DE MANAUS,SIAFI,553,ATIVO,166,138,19
201,MDIC,"MINISTÉRIO DO DESENVOLVIMENTO, INDÚSTRIA, COMÉRCIO E SERVIÇOS",31,INPI,INSTITUTO NACIONAL DA PROPRIEDADE INDUSTRIAL,30204,INPI,INSTITUTO NAC. DA PROPRIEDADE INDUSTRIAL,SIAPE,31,NÃO INFORMADO,382,112,31
201,MDIC,"MINISTÉRIO DO DESENVOLVIMENTO, INDÚSTRIA, COMÉRCIO E SERVIÇOS",19,SUFRAMA,SUPERINTENDÊNCIA DA ZONA FRANCA DE MANAUS,40603,SUFRAMA,SUPERINTENDENCIA ZONA FRANCA DE MANAUS,SIAPE,314,NÃO INFORMADO,166,138,19
201,MDIC,"MINISTÉRIO DO DESENVOLVIMENTO, INDÚSTRIA, COMÉRCIO E SERVIÇOS",9,INMETRO,"INSTITUTO NACIONAL DE METROLOGIA, QUALIDADE E TECNOLOGIA",30203,INMETRO,"INST.NAC.METROLOGIA,NORM.E QUAL.INDL.",SIAPE,24,NÃO INFORMADO,240,240,9
201,MDIC,"MINISTÉRIO DO DESENVOLVIMENTO, INDÚSTRIA, COMÉRCIO E SERVIÇOS",201,MDIC,"MINISTÉRIO DO DESENVOLVIMENTO, INDÚSTRIA, COMÉRCIO E SERVIÇOS",28000,MDIC,MINIST. DA IND. DO COMERCIO E DO TURISMO,SIAPE,16,NÃO INFORMADO,308814,84,201
201,MDIC,"MINISTÉRIO DO DESENVOLVIMENTO, INDÚSTRIA, COMÉRCIO E SERVIÇOS",201,MDIC,"MINISTÉRIO DO DESENVOLVIMENTO, INDÚSTRIA, COMÉRCIO E SERVIÇOS",17400,MDIC,MIN DESENVOLV IND COMERCIO E SERVICOS,SIAPE,548,,308814,,201
201,MDIC,"MINISTÉRIO DO DESENVOLVIMENTO, INDÚSTRIA, COMÉRCIO E SERVIÇOS",201,MDIC,"MINISTÉRIO DO DESENVOLVIMENTO, INDÚSTRIA, COMÉRCIO E SERVIÇOS",201,MDIC,"Ministério do Desenvolvimento, Indústria, Comércio e Serviços",SIORG,239,ATIVO,308814,,201
201,MDIC,"MINISTÉRIO DO DESENVOLVIMENTO, INDÚSTRIA, COMÉRCIO E SERVIÇOS",9,INMETRO,"INSTITUTO NACIONAL DE METROLOGIA, QUALIDADE E TECNOLOGIA",9,INMETRO,"Instituto Nacional de Metrologia, Qualidade e Tecnologia",SIORG,149,ATIVO,240,,9
201,MDIC,"MINISTÉRIO DO DESENVOLVIMENTO, INDÚSTRIA, COMÉRCIO E SERVIÇOS",19,SUFRAMA,SUPERINTENDÊNCIA DA ZONA FRANCA DE MANAUS,19,SUFRAMA,Superintendência da Zona Franca de Manaus,SIORG,180,ATIVO,166,,19
201,MDIC,"MINISTÉRIO DO DESENVOLVIMENTO, INDÚSTRIA, COMÉRCIO E SERVIÇOS",31,INPI,INSTITUTO NACIONAL DA PROPRIEDADE INDUSTRIAL,31,INPI,Instituto Nacional da Propriedade Industrial,SIORG,150,ATIVO,382,,31
194,MDS,"MINISTÉRIO DO DESENVOLVIMENTO E ASSISTÊNCIA SOCIAL, FAMÍLIA E COMBATE À FOME",194,MDS,"MINISTÉRIO DO DESENVOLVIMENTO E ASSISTÊNCIA SOCIAL, FAMÍLIA E COMBATE À FOME",55100,MDS,MIN DESENV ASSIS SOCI FAMIL COMBATE FOME,SIAPE,566,,308796,,194
194,MDS,"MINISTÉRIO DO DESENVOLVIMENTO E ASSISTÊNCIA SOCIAL, FAMÍLIA E COMBATE À FOME",194,MDS,"MINISTÉRIO DO DESENVOLVIMENTO E ASSISTÊNCIA SOCIAL, FAMÍLIA E COMBATE À FOME",194,MDS,"Ministério do Desenvolvimento e Assistência Social, Família e Combate à Fome",SIORG,242,ATIVO,308796,,194
10,MEC,MINISTÉRIO DA EDUCAÇÃO,40,UFMG,UNIVERSIDADE FEDERAL DE MINAS GERAIS,26238,UFMG,UNIVERSIDADE FEDERAL DE MINAS GERAIS,SIAFI,323,ATIVO,423,142,40
10,MEC,MINISTÉRIO DA EDUCAÇÃO,16,UNIRIO,UNIVERSIDADE FEDERAL DO ESTADO DO RIO DE JANEIRO,26269,UNIRIO,UNIVERSIDADE FEDERAL DO ESTADO RIO DE JANEIRO,SIAFI,541,ATIVO,260,107,16
10,MEC,MINISTÉRIO DA EDUCAÇÃO,32,UFPA,UNIVERSIDADE FEDERAL DO PARÁ,26239,UFPA,UNIVERSIDADE FEDERAL DO PARA,SIAFI,535,ATIVO,415,68,32
10,MEC,MINISTÉRIO DA EDUCAÇÃO,34,UFRN,UNIVERSIDADE FEDERAL DO RIO GRANDE DO NORTE,26243,UFRN,UNIVERSIDADE FEDERAL DO RIO GRANDE DO NORTE,SIAFI,562,ATIVO,417,10,34
10,MEC,MINISTÉRIO DA EDUCAÇÃO,12,CAPES,FUNDAÇÃO COORDENAÇÃO DE APERFEIÇOAMENTO DE PESSOAL DE NÍVEL SUPERIOR,26291,CAPES,FUND.COORD.DE APERF.DE PESSOAL NIVEL SUPERIOR,SIAFI,510,ATIVO,250,5,12
10,MEC,MINISTÉRIO DA EDUCAÇÃO,13,FNDE,FUNDO NACIONAL DE DESENVOLVIMENTO DA EDUCAÇÃO,26298,FNDE,FUNDO NACIONAL DE DESENVOLVIMENTO DA EDUCACAO,SIAFI,543,ATIVO,253,6,13
10,MEC,MINISTÉRIO DA EDUCAÇÃO,185,UFDPAR,UNIVERSIDADE FEDERAL DO DELTA DO PARNAÍBA,26455,UFDPAR,UNIVERSIDADE FEDERAL DO DELTA DO PARNAIBA,SIAFI,478,ATIVO,-8,,185
10,MEC,MINISTÉRIO DA EDUCAÇÃO,186,UFAPE,UNIVERSIDADE FEDERAL DO AGRESTE DE PERNAMBUCO,26456,UFAPE,UNIVERSIDADE FEDERAL DO AGRESTE DE PERNAMBUCO,SIAFI,479,ATIVO,244,,186
10,MEC,MINISTÉRIO DA EDUCAÇÃO,175,UFFS,UNIVERSIDADE FEDERAL DA FRONTEIRA SUL,26440,UFFS,UNIVERSIDADE FEDERAL DA FRONTEIRA SUL,SIAFI,416,ATIVO,103730,268,175
10,MEC,MINISTÉRIO DA EDUCAÇÃO,176,UNIVASF,FUNDAÇÃO UNIVERSIDADE FEDERAL DO VALE DO SÃO FRANCISCO,26230,UNIVASF,FUND.UNIVERSIDADE FEDERAL VALE SAO FRANCISCO,SIAFI,438,ATIVO,69624,131,176
10,MEC,MINISTÉRIO DA EDUCAÇÃO,179,UNILAB,UNIVERSIDADE DA INTEGRAÇÃO INTERNACIONAL DA LUSOFONIA AFRO-BRASILEIRA,26442,UNILAB,UNIV.DA INTEG.INTERN.DA LUSOF.AFRO-BRASILEIRA,SIAFI,381,ATIVO,109912,269,179
10,MEC,MINISTÉRIO DA EDUCAÇÃO,182,UFCAT,UNIVERSIDADE FEDERAL DE CATALÃO,26452,UFCAT,UNIVERSIDADE FEDERAL DE CATALAO,SIAFI,475,ATIVO,244,,182
10,MEC,MINISTÉRIO DA EDUCAÇÃO,183,UFJ,UNIVERSIDADE FEDERAL DE JATAÍ,26453,UFJ,UNIVERSIDADE FEDERAL DE JATAI,SIAFI,476,ATIVO,-8,,183
10,MEC,MINISTÉRIO DA EDUCAÇÃO,184,UFR,UNIVERSIDADE FEDERAL DE RONDONÓPOLIS,26454,UFR,UNIVERSIDADE FEDERAL DE RONDONOPOLIS,SIAFI,477,ATIVO,244,,184
10,MEC,MINISTÉRIO DA EDUCAÇÃO,170,UNILA,UNIVERSIDADE FEDERAL DA INTEGRAÇÃO LATINO-AMERICANA,26267,UNILA,UNIVERS. FEDERAL DA INTEG. LATINO AMERICANA,SIAFI,378,ATIVO,105793,202,170
10,MEC,MINISTÉRIO DA EDUCAÇÃO,171,UFSB,UNIVERSIDADE FEDERAL DO SUL DA BAHIA,26450,UFSB,UNIVERSIDADE FEDERAL DO SUL DA BAHIA,SIAFI,301,ATIVO,122378,267,171
10,MEC,MINISTÉRIO DA EDUCAÇÃO,172,UNIFESSPA,UNIVERSIDADE FEDERAL DO SUL E SUDESTE DO PARÁ,26448,UNIFESSPA,UNIVERSIDADE FEDERAL DO SUL E SUDESTE DO PARA,SIAFI,450,ATIVO,122381,32,172
10,MEC,MINISTÉRIO DA EDUCAÇÃO,173,UFOB,UNIVERSIDADE FEDERAL DO OESTE DA BAHIA,26447,UFOB,UNIVERSIDADE FEDERAL DO OESTE DA BAHIA,SIAFI,382,ATIVO,122386,130,173
10,MEC,MINISTÉRIO DA EDUCAÇÃO,174,UFCA,UNIVERSIDADE FEDERAL DO CARIRI,26449,UFCA,UNIVERSIDADE FEDERAL DO CARIRI,SIAFI,300,ATIVO,122391,91,174
10,MEC,MINISTÉRIO DA EDUCAÇÃO,153,UFOPA,UNIVERSIDADE FEDERAL DO OESTE DO PARÁ,26441,UFOPA,UNIVERSIDADE FEDERAL DO OESTE DO PARA,SIAFI,515,ATIVO,104667,166,153
10,MEC,MINISTÉRIO DA EDUCAÇÃO,157,UNIPAMPA,FUNDAÇÃO UNIVERSIDADE FEDERAL DO PAMPA,26266,UNIPAMPA,FUNDACAO UNIVERSIDADE FEDERAL DO PAMPA,SIAFI,332,ATIVO,94739,200,157
10,MEC,MINISTÉRIO DA EDUCAÇÃO,166,UFCG,UNIVERSIDADE FEDERAL DE CAMPINA GRANDE,26252,UFCG,UNIVERSIDADE FEDERAL DE CAMPINA GRANDE,SIAFI,539,ATIVO,67671,169,166
10,MEC,MINISTÉRIO DA EDUCAÇÃO,148,UFABC,FUNDAÇÃO UNIVERSIDADE FEDERAL DO ABC,26352,UFABC,FUNDACAO UNIVERSIDADE FEDERAL DO ABC,SIAFI,340,ATIVO,84703,163,148
10,MEC,MINISTÉRIO DA EDUCAÇÃO,149,UFT,FUNDAÇÃO UNIVERSIDADE FEDERAL DO TOCANTINS,26251,UFT,FUNDACAO UNIVERSIDADE FEDERAL DO TOCANTINS,SIAFI,406,ATIVO,52702,95,149
10,MEC,MINISTÉRIO DA EDUCAÇÃO,133,IF BAIANO,"INSTITUTO FEDERAL DE EDUCAÇÃO, CIÊNCIA E TECNOLOGIA BAIANO",26404,IF BAIANO,"INST.FED.DE EDUC.,CIENC.E TEC.BAIANO",SIAFI,569,ATIVO,100920,87,133
10,MEC,MINISTÉRIO DA EDUCAÇÃO,111,UFGD,FUNDAÇÃO UNIVERSIDADE FEDERAL DA GRANDE DOURADOS,26350,UFGD,FUNDACAO UNIVERSIDADE FED. DA GRANDE DOURADOS,SIAFI,297,ATIVO,84712,191,111
10,MEC,MINISTÉRIO DA EDUCAÇÃO,86,UFCSPA,FUNDAÇÃO UNIVERSIDADE FEDERAL DE CIÊNCIAS DA SAÚDE DE PORTO ALEGRE,26284,UFCSPA,FUN.UNIV.FED.DE CIENCIAS DA SAUDE DE P.ALEGRE,SIAFI,567,ATIVO,970,185,86
10,MEC,MINISTÉRIO DA EDUCAÇÃO,100,UFRB,UNIVERSIDADE FEDERAL DO RECÔNCAVO DA BAHIA,26351,UFRB,UNIVERSIDADE FEDERAL DO RECONCAVO DA BAHIA,SIAFI,544,ATIVO,84710,54,100
10,MEC,MINISTÉRIO DA EDUCAÇÃO,101,UFRR,FUNDAÇÃO UNIVERSIDADE FEDERAL DE RORAIMA,26250,UFRR,UNIVERSIDADE FEDERAL DE RORAIMA,SIAFI,538,ATIVO,1605,227,101
10,MEC,MINISTÉRIO DA EDUCAÇÃO,78,UFV,FUNDAÇÃO UNIVERSIDADE FEDERAL DE VIÇOSA,26282,UFV,UNIVERSIDADE FEDERAL DE VICOSA,SIAFI,336,ATIVO,474,182,78
10,MEC,MINISTÉRIO DA EDUCAÇÃO,80,FURG,FUNDAÇÃO UNIVERSIDADE FEDERAL DO RIO GRANDE,26273,FURG,UNIVERSIDADE FEDERAL DO RIO GRANDE - FURG,SIAFI,335,ATIVO,476,18,80
10,MEC,MINISTÉRIO DA EDUCAÇÃO,65,UNIFAL-MG,UNIVERSIDADE FEDERAL DE ALFENAS,26260,UNIFAL-MG,UNIVERSIDADE FEDERAL DE ALFENAS,SIAFI,375,ATIVO,461,75,65
10,MEC,MINISTÉRIO DA EDUCAÇÃO,66,UNIFEI,UNIVERSIDADE FEDERAL DE ITAJUBÁ,26261,UNIFEI,UNIVERSIDADE FEDERAL DE ITAJUBA,SIAFI,540,ATIVO,462,146,66
10,MEC,MINISTÉRIO DA EDUCAÇÃO,67,UFLA,UNIVERSIDADE FEDERAL DE LAVRAS,26263,UFLA,UNIVERSIDADE FEDERAL DE LAVRAS,SIAFI,330,ATIVO,463,44,67
10,MEC,MINISTÉRIO DA EDUCAÇÃO,68,UNIFESP,UNIVERSIDADE FEDERAL DE SÃO PAULO,26262,UNIFESP,UNIVERSIDADE FEDERAL DE SAO PAULO,SIAFI,328,ATIVO,464,247,68
10,MEC,MINISTÉRIO DA EDUCAÇÃO,61,UFRA,UNIVERSIDADE FEDERAL RURAL DA AMAZÔNIA,26253,UFRA,UNIVERSIDADE FEDERAL RURAL DA AMAZONIA,SIAFI,407,ATIVO,457,219,61
10,MEC,MINISTÉRIO DA EDUCAÇÃO,62,UFERSA-RN,UNIVERSIDADE FEDERAL RURAL DO SEMI-ÁRIDO,26264,UFERSA-RN,UNIVERSIDADE FEDERAL RURAL DO SEMI-ARIDO/RN,SIAFI,376,ATIVO,458,114,62
10,MEC,MINISTÉRIO DA EDUCAÇÃO,63,UFTM,UNIVERSIDADE FEDERAL DO TRIÂNGULO MINEIRO,26254,UFTM,UNIVERSIDADE FEDERAL DO TRIANGULO MINEIRO,SIAFI,507,ATIVO,459,246,63
10,MEC,MINISTÉRIO DA EDUCAÇÃO,64,UFVJM,UNIVERSIDADE FEDERAL DOS VALES DO JEQUITINHONHA E MUCURI,26255,UFVJM,UNIVERSIDADE FED.VALES JEQUITINHONHA E MUCURI,SIAFI,508,ATIVO,460,17,64
10,MEC,MINISTÉRIO DA EDUCAÇÃO,58,UTFPR,UNIVERSIDADE TECNOLÓGICA FEDERAL DO PARANÁ,26258,UTFPR,UNIVERSIDADE TECNOLOGICA FEDERAL DO PARANA,SIAFI,563,ATIVO,454,73,58
10,MEC,MINISTÉRIO DA EDUCAÇÃO,48,UFSM,UNIVERSIDADE FEDERAL DE SANTA MARIA,26247,UFSM,UNIVERSIDADE FEDERAL DE SANTA MARIA,SIAFI,536,ATIVO,431,244,48
10,MEC,MINISTÉRIO DA EDUCAÇÃO,49,UFRRJ,UNIVERSIDADE FEDERAL RURAL DO RIO DE JANEIRO,26249,UFRRJ,UNIVERSIDADE FEDERAL RURAL DO RIO DE JANEIRO,SIAFI,537,ATIVO,432,144,49
10,MEC,MINISTÉRIO DA EDUCAÇÃO,50,UFRPE,UNIVERSIDADE FEDERAL RURAL DE PERNAMBUCO,26248,UFRPE,UNIVERSIDADE FEDERAL RURAL DE PERNAMBUCO,SIAFI,326,ATIVO,433,218,50
10,MEC,MINISTÉRIO DA EDUCAÇÃO,41,UFJF,UNIVERSIDADE FEDERAL DE JUIZ DE FORA,26237,UFJF,UNIVERSIDADE FEDERAL DE JUIZ DE FORA,SIAFI,559,ATIVO,424,13,41
10,MEC,MINISTÉRIO DA EDUCAÇÃO,42,UFES,UNIVERSIDADE FEDERAL DO ESPÍRITO SANTO,26234,UFES,UNIVERSIDADE FEDERAL DO ESPIRITO SANTO,SIAFI,532,ATIVO,425,113,42
10,MEC,MINISTÉRIO DA EDUCAÇÃO,43,UFRJ,UNIVERSIDADE FEDERAL DO RIO DE JANEIRO,26245,UFRJ,UNIVERSIDADE FEDERAL DO RIO DE JANEIRO,SIAFI,505,ATIVO,426,70,43
10,MEC,MINISTÉRIO DA EDUCAÇÃO,44,UFF,UNIVERSIDADE FEDERAL FLUMINENSE,26236,UFF,UNIVERSIDADE FEDERAL FLUMINENSE,SIAFI,321,ATIVO,427,243,44
10,MEC,MINISTÉRIO DA EDUCAÇÃO,45,UFPR,UNIVERSIDADE FEDERAL DO PARANÁ,26241,UFPR,UNIVERSIDADE FEDERAL DO PARANA,SIAFI,290,ATIVO,428,14,45
10,MEC,MINISTÉRIO DA EDUCAÇÃO,46,UFSC,UNIVERSIDADE FEDERAL DE SANTA CATARINA,26246,UFSC,UNIVERSIDADE FEDERAL DE SANTA CATARINA,SIAFI,292,ATIVO,429,143,46
10,MEC,MINISTÉRIO DA EDUCAÇÃO,35,UFPE,UNIVERSIDADE FEDERAL DE PERNAMBUCO,26242,UFPE,UNIVERSIDADE FEDERAL DE PERNAMBUCO,SIAFI,561,ATIVO,418,179,35
10,MEC,MINISTÉRIO DA EDUCAÇÃO,36,UFPB,UNIVERSIDADE FEDERAL DA PARAÍBA,26240,UFPB,UNIVERSIDADE FEDERAL DA PARAIBA,SIAFI,403,ATIVO,419,11,36
10,MEC,MINISTÉRIO DA EDUCAÇÃO,36,UFPB,UNIVERSIDADE FEDERAL DA PARAÍBA,26240,UFPB,UNIVERSIDADE FEDERAL DA PARAIBA,SIAPE,437,NÃO INFORMADO,419,11,36
10,MEC,MINISTÉRIO DA EDUCAÇÃO,46,UFSC,UNIVERSIDADE FEDERAL DE SANTA CATARINA,26246,UFSC,UNIVERSIDADE FEDERAL DE SANTA CATARINA,SIAPE,338,NÃO INFORMADO,429,143,46
10,MEC,MINISTÉRIO DA EDUCAÇÃO,45,UFPR,UNIVERSIDADE FEDERAL DO PARANÁ,26241,UFPR,UNIVERSIDADE FEDERAL DO PARANA,SIAPE,390,NÃO INFORMADO,428,14,45
10,MEC,MINISTÉRIO DA EDUCAÇÃO,37,UFAL,UNIVERSIDADE FEDERAL DE ALAGOAS,26231,UFAL,UNIVERSIDADE FEDERAL DE ALAGOAS,SIAPE,355,NÃO INFORMADO,420,43,37
10,MEC,MINISTÉRIO DA EDUCAÇÃO,38,UFBA,UNIVERSIDADE FEDERAL DA BAHIA,26232,UFBA,UNIVERSIDADE FEDERAL DA BAHIA,SIAPE,148,NÃO INFORMADO,421,69,38
10,MEC,MINISTÉRIO DA EDUCAÇÃO,39,UFG,UNIVERSIDADE FEDERAL DE GOIÁS,26235,UFGO,UNIVERSIDADE FEDERAL DE GOIAS,SIAPE,423,NÃO INFORMADO,422,12,39
10,MEC,MINISTÉRIO DA EDUCAÇÃO,35,UFPE,UNIVERSIDADE FEDERAL DE PERNAMBUCO,26242,UFPE,UNIVERSIDADE FEDERAL DE PERNAMBUCO,SIAPE,337,NÃO INFORMADO,418,179,35
10,MEC,MINISTÉRIO DA EDUCAÇÃO,40,UFMG,UNIVERSIDADE FEDERAL DE MINAS GERAIS,26238,UFMG,UNIVERSIDADE FEDERAL DE MINAS GERAIS,SIAPE,266,NÃO INFORMADO,423,142,40
10,MEC,MINISTÉRIO DA EDUCAÇÃO,44,UFF,UNIVERSIDADE FEDERAL FLUMINENSE,26236,UFF,UNIVERSIDADE FEDERAL FLUMINENSE,SIAPE,436,NÃO INFORMADO,427,243,44
10,MEC,MINISTÉRIO DA EDUCAÇÃO,42,UFES,UNIVERSIDADE FEDERAL DO ESPÍRITO SANTO,26234,UFES,UNIVERSIDADE FEDERAL DO ESPIRITO SANTO,SIAPE,265,NÃO INFORMADO,425,113,42
10,MEC,MINISTÉRIO DA EDUCAÇÃO,43,UFRJ,UNIVERSIDADE FEDERAL DO RIO DE JANEIRO,26245,UFRJ,UNIVERSIDADE FEDERAL DO RIO DE JANEIRO,SIAPE,439,NÃO INFORMADO,426,70,43
10,MEC,MINISTÉRIO DA EDUCAÇÃO,50,UFRPE,UNIVERSIDADE FEDERAL RURAL DE PERNAMBUCO,26248,UFRPE,UNIVERSIDADE FEDERAL RURAL DE PERNAMBUCO,SIAPE,153,NÃO INFORMADO,433,218,50
10,MEC,MINISTÉRIO DA EDUCAÇÃO,41,UFJF,UNIVERSIDADE FEDERAL DE JUIZ DE FORA,26237,UFJF,UNIVERSIDADE FEDERAL DE JUIZ DE FORA,SIAPE,291,NÃO INFORMADO,424,13,41
10,MEC,MINISTÉRIO DA EDUCAÇÃO,51,IFPI,"INSTITUTO FEDERAL DE EDUCAÇÃO, CIÊNCIA E TECNOLOGIA DO PIAUÍ",26431,IFPI,IFPI,SIAPE,474,NÃO INFORMADO,434,245,51
10,MEC,MINISTÉRIO DA EDUCAÇÃO,52,IFRN,"INSTITUTO FEDERAL DE EDUCAÇÃO, CIÊNCIA E TECNOLOGIA DO RIO GRANDE DO NORTE",26435,IFRN,IFRN,SIAPE,480,NÃO INFORMADO,439,71,52
10,MEC,MINISTÉRIO DA EDUCAÇÃO,48,UFSM,UNIVERSIDADE FEDERAL DE SANTA MARIA,26247,UFSM/RS,UNIVERSIDADE FEDERAL DE SANTA MARIA,SIAPE,293,NÃO INFORMADO,431,244,48
10,MEC,MINISTÉRIO DA EDUCAÇÃO,49,UFRRJ,UNIVERSIDADE FEDERAL RURAL DO RIO DE JANEIRO,26249,UFRRJ,UNIV. FEDERAL RURAL DO RIO DE JANEIRO,SIAPE,357,NÃO INFORMADO,432,144,49
10,MEC,MINISTÉRIO DA EDUCAÇÃO,47,UFRGS,UNIVERSIDADE FEDERAL DO RIO GRANDE DO SUL,26244,UFRGS/RS,UNIVERSIDADE FED. DO RIO GRANDE DO SUL,SIAPE,391,NÃO INFORMADO,430,217,47
10,MEC,MINISTÉRIO DA EDUCAÇÃO,57,IFSP,"INSTITUTO FEDERAL DE EDUCAÇÃO, CIÊNCIA E TECNOLOGIA DE SÃO PAULO",26439,IFSP,IFSP,SIAPE,404,NÃO INFORMADO,453,15,57
10,MEC,MINISTÉRIO DA EDUCAÇÃO,64,UFVJM,UNIVERSIDADE FEDERAL DOS VALES DO JEQUITINHONHA E MUCURI,26255,UFVJM,FAC FEDERAL DE ODONTOLOGIA DE DIAMANTINA,SIAPE,359,NÃO INFORMADO,460,17,64
10,MEC,MINISTÉRIO DA EDUCAÇÃO,58,UTFPR,UNIVERSIDADE TECNOLÓGICA FEDERAL DO PARANÁ,26258,UTFPR,CENTRO FED. DE EDUCACAO TECNOL.DO PARANA,SIAPE,500,NÃO INFORMADO,454,73,58
10,MEC,MINISTÉRIO DA EDUCAÇÃO,62,UFERSA-RN,UNIVERSIDADE FEDERAL RURAL DO SEMI-ÁRIDO,26264,UFERSA-RN,ESCOLA SUP. DE AGRICULTURA DE MOSSORO,SIAPE,393,NÃO INFORMADO,458,114,62
10,MEC,MINISTÉRIO DA EDUCAÇÃO,66,UNIFEI,UNIVERSIDADE FEDERAL DE ITAJUBÁ,26261,UNIFEI,ESCOLA FEDERAL DE ENGENHARIA DE ITAJUBA,SIAPE,342,NÃO INFORMADO,462,146,66
10,MEC,MINISTÉRIO DA EDUCAÇÃO,63,UFTM,UNIVERSIDADE FEDERAL DO TRIÂNGULO MINEIRO,26254,UFTM,FAC. DE MEDICINA DO TRIANGULO MINEIRO,SIAPE,339,NÃO INFORMADO,459,246,63
10,MEC,MINISTÉRIO DA EDUCAÇÃO,53,IFBA,"INSTITUTO FEDERAL DE EDUCAÇÃO, CIÊNCIA E TECNOLOGIA DA BAHIA",26427,IFBA,IFBA,SIAPE,473,NÃO INFORMADO,444,145,53
10,MEC,MINISTÉRIO DA EDUCAÇÃO,54,CEFET-MG,CENTRO FEDERAL DE EDUCAÇÃO TECNOLÓGICA DE MINAS GERAIS,26257,CEFET/MG,CENTRO FED. DE EDUC. TECNOLOGICA DE MG,SIAPE,294,NÃO INFORMADO,445,72,54
10,MEC,MINISTÉRIO DA EDUCAÇÃO,55,CEFET-RJ,CENTRO FEDERAL DE EDUCAÇÃO TECNOLÓGICA - CELSO SUCKOW DA FONSECA,26256,CEFET/RJ,CENTRO FED. ED. TEC. CELSO S. FONSECA,SIAPE,341,NÃO INFORMADO,448,180,55
10,MEC,MINISTÉRIO DA EDUCAÇÃO,56,IFG,"INSTITUTO FEDERAL DE EDUCAÇÃO, CIÊNCIA E TECNOLOGIA DE GOIÁS",26429,IFGO,IFGO,SIAPE,366,NÃO INFORMADO,451,181,56
10,MEC,MINISTÉRIO DA EDUCAÇÃO,61,UFRA,UNIVERSIDADE FEDERAL RURAL DA AMAZÔNIA,26253,UFRA,FACULDADE DE CIENCIAS AGRARIA DO PARA,SIAPE,425,NÃO INFORMADO,457,219,61
10,MEC,MINISTÉRIO DA EDUCAÇÃO,60,IFSUL,"INSTITUTO FEDERAL DE EDUCAÇÃO, CIÊNCIA E TECNOLOGIA SUL-RIO-GRANDENSE",26436,IFSRIOGRAN,IFSRIOGRAN,SIAPE,324,NÃO INFORMADO,456,74,60
10,MEC,MINISTÉRIO DA EDUCAÇÃO,70,UFAC,FUNDAÇÃO UNIVERSIDADE FEDERAL DO ACRE,26275,UFAC,UNIVERSIDADE FEDERAL DO ACRE,SIAPE,295,NÃO INFORMADO,466,45,70
10,MEC,MINISTÉRIO DA EDUCAÇÃO,59,IFSC,"INSTITUTO FEDERAL DE EDUCAÇÃO, CIÊNCIA E TECNOLOGIA DE SANTA CATARINA",26438,IFSC,IFSC,SIAPE,325,NÃO INFORMADO,455,16,59
10,MEC,MINISTÉRIO DA EDUCAÇÃO,68,UNIFESP,UNIVERSIDADE FEDERAL DE SÃO PAULO,26262,UNIFESP,UNIVERSIDADE FEDERAL DE SAO PAULO,SIAPE,442,NÃO INFORMADO,464,247,68
10,MEC,MINISTÉRIO DA EDUCAÇÃO,69,UFAM,FUNDAÇÃO UNIVERSIDADE DO AMAZONAS,26270,FUAM,FUNDACAO UNIVERSIDADE DO AMAZONAS,SIAPE,361,NÃO INFORMADO,465,220,69
10,MEC,MINISTÉRIO DA EDUCAÇÃO,67,UFLA,UNIVERSIDADE FEDERAL DE LAVRAS,26263,UFLA,UNIVERSIDADE FEDERAL DE LAVRAS,SIAPE,443,NÃO INFORMADO,463,44,67
10,MEC,MINISTÉRIO DA EDUCAÇÃO,65,UNIFAL-MG,UNIVERSIDADE FEDERAL DE ALFENAS,26260,UNIFAL-MG,ESCOLA DE FARM. E ODONTOLOGIA DE ALFENAS,SIAPE,441,NÃO INFORMADO,461,75,65
10,MEC,MINISTÉRIO DA EDUCAÇÃO,76,UFU,UNIVERSIDADE FEDERAL DE UBERLÂNDIA,26274,UFU,FUNDACAO UNIV. FEDERAL DE UBERLANDIA,SIAPE,394,NÃO INFORMADO,472,249,76
10,MEC,MINISTÉRIO DA EDUCAÇÃO,74,UNB,FUNDAÇÃO UNIVERSIDADE DE BRASÍLIA,26271,UNB,FUNDACAO UNIVERSIDADE DE BRASILIA,SIAPE,445,NÃO INFORMADO,470,148,74
10,MEC,MINISTÉRIO DA EDUCAÇÃO,75,UFMT,FUNDAÇÃO UNIVERSIDADE FEDERAL DE MATO GROSSO,26276,UFMT,UNIVERSIDADE FEDERAL DE MATO GROSSO,SIAPE,362,NÃO INFORMADO,471,115,75
10,MEC,MINISTÉRIO DA EDUCAÇÃO,83,UFMS,FUNDAÇÃO UNIVERSIDADE FEDERAL DE MATO GROSSO DO SUL,26283,UFMS,UNIV. FEDERAL DE MATO GROSSO DO SUL,SIAPE,171,NÃO INFORMADO,827,19,83
10,MEC,MINISTÉRIO DA EDUCAÇÃO,71,UFMA,FUNDAÇÃO UNIVERSIDADE FEDERAL DO MARANHÃO,26272,FUMA,FUNDACAO UNIVERSIDADE DO MARANHAO,SIAPE,267,NÃO INFORMADO,467,147,71
10,MEC,MINISTÉRIO DA EDUCAÇÃO,72,UFPI,FUNDAÇÃO UNIVERSIDADE FEDERAL DO PIAUÍ,26279,UFPI,UNIVERSIDADE FEDERAL DO PIAUI,SIAPE,298,NÃO INFORMADO,468,46,72
10,MEC,MINISTÉRIO DA EDUCAÇÃO,73,UFS,FUNDAÇÃO UNIVERSIDADE FEDERAL DE SERGIPE,26281,FUFS,FUNDACAO UNIVERSIDADE FEDERAL DE SERGIPE,SIAPE,170,NÃO INFORMADO,469,248,73
10,MEC,MINISTÉRIO DA EDUCAÇÃO,81,UFPEL,FUNDAÇÃO UNIVERSIDADE FEDERAL DE PELOTAS,26278,FUFPEL,FUNDACAO UNIVERSIDADE FEDERAL DE PELOTAS,SIAPE,169,NÃO INFORMADO,477,250,81
10,MEC,MINISTÉRIO DA EDUCAÇÃO,79,UFSCAR,FUNDAÇÃO UNIVERSIDADE FEDERAL DE SÃO CARLOS,26280,FUFSCAR,UNIVERSIDADE FEDERAL DE SAO CARLOS,SIAPE,299,NÃO INFORMADO,475,47,79
10,MEC,MINISTÉRIO DA EDUCAÇÃO,101,UFRR,FUNDAÇÃO UNIVERSIDADE FEDERAL DE RORAIMA,26250,UFRR,UNIVERSIDADE FEDERAL DE RORAIMA,SIAPE,392,NÃO INFORMADO,1605,227,101
10,MEC,MINISTÉRIO DA EDUCAÇÃO,80,FURG,FUNDAÇÃO UNIVERSIDADE FEDERAL DO RIO GRANDE,26273,FURG,FUNDACAO UNIVERSIDADE DE RIO GRANDE,SIAPE,268,NÃO INFORMADO,476,18,80
10,MEC,MINISTÉRIO DA EDUCAÇÃO,78,UFV,FUNDAÇÃO UNIVERSIDADE FEDERAL DE VIÇOSA,26282,UFV,UNIVERSIDADE FEDERAL DE VICOSA,SIAPE,446,NÃO INFORMADO,474,182,78
10,MEC,MINISTÉRIO DA EDUCAÇÃO,77,FUFOP,FUNDAÇÃO UNIVERSIDADE FEDERAL DE OURO PRETO,26277,FUFOP,FUNDACAO UNIV. FEDERAL DE OURO PRETO,SIAPE,296,NÃO INFORMADO,473,116,77
10,MEC,MINISTÉRIO DA EDUCAÇÃO,102,UNIFAP,FUNDAÇÃO UNIVERSIDADE FEDERAL DO AMAPÁ,26286,UNIFAP,FUNDACAO UNVERSIDADE FEDERAL DO AMAPA,SIAPE,396,NÃO INFORMADO,1710,82,102
10,MEC,MINISTÉRIO DA EDUCAÇÃO,103,FUNREI,FUNDAÇÃO UNIVERSIDADE FEDERAL DE SÃO JOÃO DEL REI,26285,FUNREI,FUND DE ENS SUPERIOR DE SAO JOAO DEL REI,SIAPE,447,NÃO INFORMADO,1734,252,103
10,MEC,MINISTÉRIO DA EDUCAÇÃO,88,UNIR,FUNDAÇÃO UNIVERSIDADE FEDERAL DE RONDÔNIA,26268,UNIR,FUND. UNIVERSIDADE FEDERAL DE RONDONIA,SIAPE,506,NÃO INFORMADO,1209,76,88
10,MEC,MINISTÉRIO DA EDUCAÇÃO,86,UFCSPA,FUNDAÇÃO UNIVERSIDADE FEDERAL DE CIÊNCIAS DA SAÚDE DE PORTO ALEGRE,26284,UFCSPA,FUND. FAC. FED. CIENC. MED. PORTO ALEGRE,SIAPE,343,NÃO INFORMADO,970,185,86
10,MEC,MINISTÉRIO DA EDUCAÇÃO,100,UFRB,UNIVERSIDADE FEDERAL DO RECÔNCAVO DA BAHIA,26351,UFRB,UFRB,SIAPE,364,NÃO INFORMADO,84710,54,100
10,MEC,MINISTÉRIO DA EDUCAÇÃO,116,IF-GOIANO,"INSTITUTO FEDERAL DE EDUCAÇÃO, CIÊNCIA E TECNOLOGIA GOIANO",26407,IFGOIANO,IFGOIANO,SIAPE,458,NÃO INFORMADO,100913,86,116
10,MEC,MINISTÉRIO DA EDUCAÇÃO,114,IFMS,"INSTITUTO FEDERAL DE EDUCAÇÃO, CIÊNCIA E TECNOLOGIA DE MATO GROSSO DO SUL",26415,IFMS,IFMS,SIAPE,273,NÃO INFORMADO,100904,254,114
10,MEC,MINISTÉRIO DA EDUCAÇÃO,115,IFS,"INSTITUTO FEDERAL DE EDUCAÇÃO, CIÊNCIA E TECNOLOGIA DE SERGIPE",26423,IFSE,IFSE,SIAPE,513,NÃO INFORMADO,100909,152,115
10,MEC,MINISTÉRIO DA EDUCAÇÃO,111,UFGD,FUNDAÇÃO UNIVERSIDADE FEDERAL DA GRANDE DOURADOS,26350,UFGD,UFGD,SIAPE,448,NÃO INFORMADO,84712,191,111
10,MEC,MINISTÉRIO DA EDUCAÇÃO,113,IFAL,"INSTITUTO FEDERAL DE EDUCAÇÃO, CIÊNCIA E TECNOLOGIA DE ALAGOAS",26402,IFAL,IFAL,SIAPE,173,NÃO INFORMADO,100900,253,113
10,MEC,MINISTÉRIO DA EDUCAÇÃO,129,IFTM,"INSTITUTO FEDERAL DE EDUCAÇÃO, CIÊNCIA E TECNOLOGIA DO TRIÂNGULO MINEIRO",26413,IFTRIANMG,IFTRIANMG,SIAPE,270,NÃO INFORMADO,100903,155,129
10,MEC,MINISTÉRIO DA EDUCAÇÃO,109,IFRR,"INSTITUTO FEDERAL DE EDUCAÇÃO, CIÊNCIA E TECNOLOGIA DE RORAIMA",26437,IFRR,IFRR,SIAPE,516,NÃO INFORMADO,3561,121,109
10,MEC,MINISTÉRIO DA EDUCAÇÃO,119,IFMT,"INSTITUTO FEDERAL DE EDUCAÇÃO, CIÊNCIA E TECNOLOGIA DE MATO GROSSO",26414,IFMT,IFMT,SIAPE,271,NÃO INFORMADO,100916,154,119
10,MEC,MINISTÉRIO DA EDUCAÇÃO,120,IFMA,"INSTITUTO FEDERAL DE EDUCAÇÃO, CIÊNCIA E TECNOLOGIA DO MARANHÃO",26408,IFMA,IFMA,SIAPE,304,NÃO INFORMADO,100921,28,120
10,MEC,MINISTÉRIO DA EDUCAÇÃO,125,IFNMG,"INSTITUTO FEDERAL DE EDUCAÇÃO, CIÊNCIA E TECNOLOGIA DO NORTE DE MINAS GERAIS",26410,IFNORTEMG,IFNORTEMG,SIAPE,511,NÃO INFORMADO,100901,257,125
10,MEC,MINISTÉRIO DA EDUCAÇÃO,128,IFSUDMG,"INSTITUTO FEDERAL DE EDUCAÇÃO, CIÊNCIA E TECNOLOGIA DO SUDESTE DE MINAS GERAIS",26411,IFSUDMG,IFSUDMG,SIAPE,305,NÃO INFORMADO,100902,56,128
10,MEC,MINISTÉRIO DA EDUCAÇÃO,134,IFSERTAOPE,"INSTITUTO FEDERAL DE EDUCAÇÃO, CIÊNCIA E TECNOLOGIA DO SERTÃO PERNAMBUCANO",26430,IFSERTPE,IFSERTPE,SIAPE,367,NÃO INFORMADO,46784,94,134
10,MEC,MINISTÉRIO DA EDUCAÇÃO,137,IFPE,"INSTITUTO FEDERAL DE EDUCAÇÃO, CIÊNCIA E TECNOLOGIA DE PERNAMBUCO",26418,IFPE,IFPE,SIAPE,274,NÃO INFORMADO,100922,261,137
10,MEC,MINISTÉRIO DA EDUCAÇÃO,117,IFRJ,"INSTITUTO FEDERAL DE EDUCAÇÃO, CIÊNCIA E TECNOLOGIA DO RIO DE JANEIRO",26433,IFRJ,IFRJ,SIAPE,205,NÃO INFORMADO,100930,255,117
10,MEC,MINISTÉRIO DA EDUCAÇÃO,130,IFTO,"INSTITUTO FEDERAL DE EDUCAÇÃO, CIÊNCIA E TECNOLOGIA DO TOCANTINS",26424,IFTO,IFTO,SIAPE,514,NÃO INFORMADO,100908,156,130
10,MEC,MINISTÉRIO DA EDUCAÇÃO,131,IFES,"INSTITUTO FEDERAL DE EDUCAÇÃO, CIÊNCIA E TECNOLOGIA DO ESPÍRITO SANTO",26406,IFES,IFES,SIAPE,509,NÃO INFORMADO,100912,157,131
10,MEC,MINISTÉRIO DA EDUCAÇÃO,132,IFSULMG,"INSTITUTO FEDERAL DE EDUCAÇÃO, CIÊNCIA E TECNOLOGIA DO SUL DE MINAS GERAIS",26412,IFSULMG,IFSULMG,SIAPE,461,NÃO INFORMADO,100915,195,132
10,MEC,MINISTÉRIO DA EDUCAÇÃO,166,UFCG,UNIVERSIDADE FEDERAL DE CAMPINA GRANDE,26252,UFCG,UFCG,SIAPE,424,NÃO INFORMADO,67671,169,166
10,MEC,MINISTÉRIO DA EDUCAÇÃO,133,IF BAIANO,"INSTITUTO FEDERAL DE EDUCAÇÃO, CIÊNCIA E TECNOLOGIA BAIANO",26404,IFBAIANO,IFBAIANO,SIAPE,190,NÃO INFORMADO,100920,87,133
10,MEC,MINISTÉRIO DA EDUCAÇÃO,149,UFT,FUNDAÇÃO UNIVERSIDADE FEDERAL DO TOCANTINS,26251,FUFT,FUFT,SIAPE,440,NÃO INFORMADO,52702,95,149
10,MEC,MINISTÉRIO DA EDUCAÇÃO,150,IFPR,"INSTITUTO FEDERAL DE EDUCAÇÃO, CIÊNCIA E TECNOLOGIA DO PARANÁ",26432,IFPR,IFPR,SIAPE,345,NÃO INFORMADO,49103,165,150
10,MEC,MINISTÉRIO DA EDUCAÇÃO,139,IFPB,"INSTITUTO FEDERAL DE EDUCAÇÃO, CIÊNCIA E TECNOLOGIA DA PARAÍBA",26417,IFPB,IFPB,SIAPE,400,NÃO INFORMADO,100905,59,139
10,MEC,MINISTÉRIO DA EDUCAÇÃO,140,IFFAR,"INSTITUTO FEDERAL DE EDUCAÇÃO, CIÊNCIA E TECNOLOGIA FARROUPILHA",26420,IFFARROUP,IFFARROUP,SIAPE,464,NÃO INFORMADO,100906,159,140
10,MEC,MINISTÉRIO DA EDUCAÇÃO,141,IFRO,"INSTITUTO FEDERAL DE EDUCAÇÃO, CIÊNCIA E TECNOLOGIA DE RONDÔNIA",26421,IFRO,IFRO,SIAPE,512,NÃO INFORMADO,100907,30,141
10,MEC,MINISTÉRIO DA EDUCAÇÃO,142,IFAM,"INSTITUTO FEDERAL DE EDUCAÇÃO, CIÊNCIA E TECNOLOGIA DO AMAZONAS",26403,IFAM,IFAM,SIAPE,181,NÃO INFORMADO,100910,88,142
10,MEC,MINISTÉRIO DA EDUCAÇÃO,143,IFCE,"INSTITUTO FEDERAL DE EDUCAÇÃO, CIÊNCIA E TECNOLOGIA DO CEARÁ",26405,IFCE,IFCE,SIAPE,202,NÃO INFORMADO,100911,125,143
10,MEC,MINISTÉRIO DA EDUCAÇÃO,144,IFMG,"INSTITUTO FEDERAL DE EDUCAÇÃO, CIÊNCIA E TECNOLOGIA DE MINAS GERAIS",26409,IFMG,IFMG,SIAPE,459,NÃO INFORMADO,100914,160,144
10,MEC,MINISTÉRIO DA EDUCAÇÃO,148,UFABC,FUNDAÇÃO UNIVERSIDADE FEDERAL DO ABC,26352,UFABC,UFABC,SIAPE,451,NÃO INFORMADO,84703,163,148
10,MEC,MINISTÉRIO DA EDUCAÇÃO,147,IFC,"INSTITUTO FEDERAL DE EDUCAÇÃO, CIÊNCIA E TECNOLOGIA CATARINENSE",26422,IFCATARINA,IFCATARINA,SIAPE,275,NÃO INFORMADO,100919,16,147
10,MEC,MINISTÉRIO DA EDUCAÇÃO,145,IFPA,"INSTITUTO FEDERAL DE EDUCAÇÃO, CIÊNCIA E TECNOLOGIA DO PARÁ",26416,IFPA,IFPA,SIAPE,322,NÃO INFORMADO,100917,161,145
10,MEC,MINISTÉRIO DA EDUCAÇÃO,146,IFRS,"INSTITUTO FEDERAL DE EDUCAÇÃO, CIÊNCIA E TECNOLOGIA DO RIO GRANDE DO SUL",26419,IFRS,IFRS,SIAPE,401,NÃO INFORMADO,100918,232,146
10,MEC,MINISTÉRIO DA EDUCAÇÃO,157,UNIPAMPA,FUNDAÇÃO UNIVERSIDADE FEDERAL DO PAMPA,26266,UNIPAMPA,UNIPAMPA,SIAPE,504,NÃO INFORMADO,94739,200,157
10,MEC,MINISTÉRIO DA EDUCAÇÃO,167,IFAC,"INSTITUTO FEDERAL DE EDUCAÇÃO, CIÊNCIA E TECNOLOGIA DO ACRE",26401,IFAC,IFAC,SIAPE,344,NÃO INFORMADO,94427,102,167
10,MEC,MINISTÉRIO DA EDUCAÇÃO,168,IFAP,"INSTITUTO FEDERAL DE EDUCAÇÃO, CIÊNCIA E TECNOLOGIA DO AMAPÁ",26426,IFAP,IFAP,SIAPE,402,NÃO INFORMADO,94428,234,168
10,MEC,MINISTÉRIO DA EDUCAÇÃO,153,UFOPA,UNIVERSIDADE FEDERAL DO OESTE DO PARÁ,26441,UFOPA,UFOPA,SIAPE,518,NÃO INFORMADO,104667,166,153
10,MEC,MINISTÉRIO DA EDUCAÇÃO,154,IFF,"INSTITUTO FEDERAL DE EDUCAÇÃO, CIÊNCIA E TECNOLOGIA FLUMINENSE",26434,IFFLU,IFFLU,SIAPE,206,NÃO INFORMADO,100931,167,154
10,MEC,MINISTÉRIO DA EDUCAÇÃO,174,UFCA,UNIVERSIDADE FEDERAL DO CARIRI,26449,UFCA,UFCA,SIAPE,472,NÃO INFORMADO,122391,91,174
10,MEC,MINISTÉRIO DA EDUCAÇÃO,172,UNIFESSPA,UNIVERSIDADE FEDERAL DO SUL E SUDESTE DO PARÁ,26448,UNIFESSPA,UNIV. FEDERAL DO SUL E SUDESTE DO PARA,SIAPE,481,NÃO INFORMADO,122381,32,172
10,MEC,MINISTÉRIO DA EDUCAÇÃO,170,UNILA,UNIVERSIDADE FEDERAL DA INTEGRAÇÃO LATINO-AMERICANA,26267,UNILA,UNILA,SIAPE,360,NÃO INFORMADO,105793,202,170
10,MEC,MINISTÉRIO DA EDUCAÇÃO,173,UFOB,UNIVERSIDADE FEDERAL DO OESTE DA BAHIA,26447,UFOB,UFOB,SIAPE,276,NÃO INFORMADO,122386,130,173
10,MEC,MINISTÉRIO DA EDUCAÇÃO,171,UFSB,UNIVERSIDADE FEDERAL DO SUL DA BAHIA,26450,UFESBA,UFESBA,SIAPE,409,NÃO INFORMADO,122378,267,171
10,MEC,MINISTÉRIO DA EDUCAÇÃO,184,UFR,UNIVERSIDADE FEDERAL DE RONDONÓPOLIS,26454,UFR,UNIVERSIDADE FEDERAL DE RONDONOPOLIS,SIAPE,486,ATIVO,226373,,184
10,MEC,MINISTÉRIO DA EDUCAÇÃO,169,IFB,"INSTITUTO FEDERAL DE EDUCAÇÃO, CIÊNCIA E TECNOLOGIA DE BRASÍLIA",26428,IFBRASILIA,IFBRASILIA,SIAPE,204,NÃO INFORMADO,94430,129,169
10,MEC,MINISTÉRIO DA EDUCAÇÃO,183,UFJ,UNIVERSIDADE FEDERAL DE JATAÍ,26453,UFJ,UNIVERSIDADE FEDERAL DE JATAÍ,SIAPE,525,ATIVO,226372,,183
10,MEC,MINISTÉRIO DA EDUCAÇÃO,182,UFCAT,UNIVERSIDADE FEDERAL DE CATALÃO,26452,UFCAT,UNIVERSIDADE FEDERAL DE CATALAO,SIAPE,557,,226371,,182
10,MEC,MINISTÉRIO DA EDUCAÇÃO,179,UNILAB,UNIVERSIDADE DA INTEGRAÇÃO INTERNACIONAL DA LUSOFONIA AFRO-BRASILEIRA,26442,UNILAB,UNILAB,SIAPE,408,NÃO INFORMADO,109912,269,179
10,MEC,MINISTÉRIO DA EDUCAÇÃO,175,UFFS,UNIVERSIDADE FEDERAL DA FRONTEIRA SUL,26440,UFFS,UFFS,SIAPE,405,NÃO INFORMADO,103730,268,175
10,MEC,MINISTÉRIO DA EDUCAÇÃO,176,UNIVASF,FUNDAÇÃO UNIVERSIDADE FEDERAL DO VALE DO SÃO FRANCISCO,26230,UNIVASF,UNIVASF,SIAPE,388,NÃO INFORMADO,69624,131,176
10,MEC,MINISTÉRIO DA EDUCAÇÃO,186,UFAPE,UNIVERSIDADE FEDERAL DO AGRESTE DE PERNAMBUCO,26456,UFAPE,UNIVER. FEDERAL DO AGRESTE DE PERNAMBUCO,SIAPE,554,,227868,,186
10,MEC,MINISTÉRIO DA EDUCAÇÃO,188,UFNT,UNIVERSIDADE FEDERAL DO NORTE DO TOCANTINS,26457,UFNT,UNIVERSIDADE FEDERAL NORTE DO TOCANTINS,SIAPE,565,,241361,,188
10,MEC,MINISTÉRIO DA EDUCAÇÃO,185,UFDPAR,UNIVERSIDADE FEDERAL DO DELTA DO PARNAÍBA,26455,UFDPAR,UNIVERSIDADE FEDERAL DO DELTA DO PARNAÍBA,SIAPE,491,ATIVO,227867,,185
10,MEC,MINISTÉRIO DA EDUCAÇÃO,12,CAPES,FUNDAÇÃO COORDENAÇÃO DE APERFEIÇOAMENTO DE PESSOAL DE NÍVEL SUPERIOR,26298,CAPES,FUND COORD APERF PESSOAL NIVEL SUPERIOR,SIAPE,303,NÃO INFORMADO,250,5,12
10,MEC,MINISTÉRIO DA EDUCAÇÃO,13,FNDE,FUNDO NACIONAL DE DESENVOLVIMENTO DA EDUCAÇÃO,26106,FNDE,FUNDO NACIONAL DE DESENVOLV. DA EDUCACAO,SIAPE,499,NÃO INFORMADO,253,6,13
10,MEC,MINISTÉRIO DA EDUCAÇÃO,10,MEC,MINISTÉRIO DA EDUCAÇÃO,15000,MEC,MINISTERIO DA EDUCACAO E DO DESPORTO,SIAPE,147,NÃO INFORMADO,244,17,10
10,MEC,MINISTÉRIO DA EDUCAÇÃO,10,MEC,MINISTÉRIO DA EDUCAÇÃO,26105,IBC,Instituto Benjamin Constant,SIAPE,576,ATIVO,251,,10
10,MEC,MINISTÉRIO DA EDUCAÇÃO,11,INEP,INSTITUTO NACIONAL DE ESTUDOS E PESQUISAS EDUCACIONAIS ANÍSIO TEIXEIRA,26107,INEP,INST.NACIONAL DE EST.E PESQ.EDUCACIONAIS,SIAPE,422,NÃO INFORMADO,249,241,11
10,MEC,MINISTÉRIO DA EDUCAÇÃO,211,INES,Instituto Nacional de Educação de Surdos,26104,INES,INSTITUTO NACIONAL DE EDUCACAO DE SURDOS,SIAPE,420,NÃO INFORMADO,252,401,211
10,MEC,MINISTÉRIO DA EDUCAÇÃO,33,UFC,UNIVERSIDADE FEDERAL DO CEARÁ,26233,UFCE,UNIVERSIDADE FEDERAL DO CEARA,SIAPE,286,NÃO INFORMADO,416,9,33
10,MEC,MINISTÉRIO DA EDUCAÇÃO,16,UNIRIO,UNIVERSIDADE FEDERAL DO ESTADO DO RIO DE JANEIRO,26269,UNIRIO,UNIVERSIDADE DO RIO DE JANEIRO,SIAPE,444,NÃO INFORMADO,260,107,16
10,MEC,MINISTÉRIO DA EDUCAÇÃO,32,UFPA,UNIVERSIDADE FEDERAL DO PARÁ,26239,UFPA,UNIVERSIDADE FEDERAL DO PARA,SIAPE,389,NÃO INFORMADO,415,68,32
10,MEC,MINISTÉRIO DA EDUCAÇÃO,15,FUNDAJ,FUNDAÇÃO JOAQUIM NABUCO,26292,FJN,FUNDACAO JOAQUIM NABUCO,SIAPE,399,NÃO INFORMADO,257,62,15
10,MEC,MINISTÉRIO DA EDUCAÇÃO,14,CP II,COLÉGIO PEDRO II,26201,C.PEDROII,COLEGIO PEDRO II,SIAPE,264,NÃO INFORMADO,256,174,14
10,MEC,MINISTÉRIO DA EDUCAÇÃO,34,UFRN,UNIVERSIDADE FEDERAL DO RIO GRANDE DO NORTE,26243,UFRN,UNIVERSIDADE FED. DO RIO GRANDE DO NORTE,SIAPE,356,NÃO INFORMADO,417,10,34
10,MEC,MINISTÉRIO DA EDUCAÇÃO,15,FUNDAJ,FUNDAÇÃO JOAQUIM NABUCO,15,FUNDAJ,Fundação Joaquim Nabuco,SIORG,100,ATIVO,257,,15
10,MEC,MINISTÉRIO DA EDUCAÇÃO,14,CP II,COLÉGIO PEDRO II,14,CP II,Colégio Pedro II,SIORG,42,ATIVO,256,,14
10,MEC,MINISTÉRIO DA EDUCAÇÃO,16,UNIRIO,UNIVERSIDADE FEDERAL DO ESTADO DO RIO DE JANEIRO,16,UNIRIO,Universidade Federal do Estado do Rio de Janeiro,SIORG,83,ATIVO,260,,16
10,MEC,MINISTÉRIO DA EDUCAÇÃO,32,UFPA,UNIVERSIDADE FEDERAL DO PARÁ,32,UFPA,Universidade Federal do Pará,SIORG,52,ATIVO,415,,32
10,MEC,MINISTÉRIO DA EDUCAÇÃO,33,UFC,UNIVERSIDADE FEDERAL DO CEARÁ,33,UFC,Universidade Federal do Ceará,SIORG,46,ATIVO,416,,33
10,MEC,MINISTÉRIO DA EDUCAÇÃO,34,UFRN,UNIVERSIDADE FEDERAL DO RIO GRANDE DO NORTE,34,UFRN,Universidade Federal do Rio Grande do Norte,SIORG,56,ATIVO,417,,34
10,MEC,MINISTÉRIO DA EDUCAÇÃO,10,MEC,MINISTÉRIO DA EDUCAÇÃO,10,MEC,Ministério da Educação,SIORG,17,ATIVO,244,17,10
10,MEC,MINISTÉRIO DA EDUCAÇÃO,10,MEC,MINISTÉRIO DA EDUCAÇÃO,212,IBC,Instituto Benjamin Constant,SIORG,39,ATIVO,251,,10
10,MEC,MINISTÉRIO DA EDUCAÇÃO,211,INES,Instituto Nacional de Educação de Surdos,211,INES,Instituto Nacional de Educação de Surdos,SIORG,38,ATIVO,252,,211
10,MEC,MINISTÉRIO DA EDUCAÇÃO,12,CAPES,FUNDAÇÃO COORDENAÇÃO DE APERFEIÇOAMENTO DE PESSOAL DE NÍVEL SUPERIOR,12,CAPES,Fundação Coordenação de Aperfeiçoamento de Pessoal de Nível Superior,SIORG,101,ATIVO,250,,12
10,MEC,MINISTÉRIO DA EDUCAÇÃO,11,INEP,INSTITUTO NACIONAL DE ESTUDOS E PESQUISAS EDUCACIONAIS ANÍSIO TEIXEIRA,11,INEP,Instituto Nacional de Estudos e Pesquisas Educacionais Anísio Teixeira,SIORG,41,ATIVO,249,,11
10,MEC,MINISTÉRIO DA EDUCAÇÃO,13,FNDE,FUNDO NACIONAL DE DESENVOLVIMENTO DA EDUCAÇÃO,13,FNDE,Fundo Nacional de Desenvolvimento da Educação,SIORG,40,ATIVO,253,,13
10,MEC,MINISTÉRIO DA EDUCAÇÃO,186,UFAPE,UNIVERSIDADE FEDERAL DO AGRESTE DE PERNAMBUCO,186,UFAPE,Universidade Federal do Agreste de Pernambuco,SIORG,226,ATIVO,227868,,186
10,MEC,MINISTÉRIO DA EDUCAÇÃO,185,UFDPAR,UNIVERSIDADE FEDERAL DO DELTA DO PARNAÍBA,185,UFDPAR,Universidade Federal do Delta do Parnaíba,SIORG,146,ATIVO,227867,,185
10,MEC,MINISTÉRIO DA EDUCAÇÃO,175,UFFS,UNIVERSIDADE FEDERAL DA FRONTEIRA SUL,175,UFFS,Universidade Federal da Fronteira Sul,SIORG,139,ATIVO,103730,,175
10,MEC,MINISTÉRIO DA EDUCAÇÃO,188,UFNT,UNIVERSIDADE FEDERAL DO NORTE DO TOCANTINS,188,UFNT,Universidade Federal do Norte do Tocantins,SIORG,227,ATIVO,241361,,188
10,MEC,MINISTÉRIO DA EDUCAÇÃO,176,UNIVASF,FUNDAÇÃO UNIVERSIDADE FEDERAL DO VALE DO SÃO FRANCISCO,176,UNIVASF,Fundação Universidade Federal do Vale do São Francisco,SIORG,43,ATIVO,69624,,176
10,MEC,MINISTÉRIO DA EDUCAÇÃO,182,UFCAT,UNIVERSIDADE FEDERAL DE CATALÃO,182,UFCAT,Universidade Federal de Catalão,SIORG,228,ATIVO,226371,,182
10,MEC,MINISTÉRIO DA EDUCAÇÃO,179,UNILAB,UNIVERSIDADE DA INTEGRAÇÃO INTERNACIONAL DA LUSOFONIA AFRO-BRASILEIRA,179,UNILAB,Universidade da Integração Internacional da Lusofonia Afro-Brasileira,SIORG,141,ATIVO,109912,,179
10,MEC,MINISTÉRIO DA EDUCAÇÃO,183,UFJ,UNIVERSIDADE FEDERAL DE JATAÍ,183,UFJ,Universidade Federal de Jataí,SIORG,229,ATIVO,226372,,183
10,MEC,MINISTÉRIO DA EDUCAÇÃO,184,UFR,UNIVERSIDADE FEDERAL DE RONDONÓPOLIS,184,UFR,Universidade Federal de Rondonópolis,SIORG,218,ATIVO,226373,,184
10,MEC,MINISTÉRIO DA EDUCAÇÃO,170,UNILA,UNIVERSIDADE FEDERAL DA INTEGRAÇÃO LATINO-AMERICANA,170,UNILA,Universidade Federal da Integração Latino-Americana,SIORG,81,ATIVO,105793,,170
10,MEC,MINISTÉRIO DA EDUCAÇÃO,169,IFB,"INSTITUTO FEDERAL DE EDUCAÇÃO, CIÊNCIA E TECNOLOGIA DE BRASÍLIA",169,IFB,"Instituto Federal de Educação, Ciência e Tecnologia de Brasília",SIORG,128,ATIVO,94430,,169
10,MEC,MINISTÉRIO DA EDUCAÇÃO,172,UNIFESSPA,UNIVERSIDADE FEDERAL DO SUL E SUDESTE DO PARÁ,172,UNIFESSPA,Universidade Federal do Sul e Sudeste do Pará,SIORG,143,ATIVO,122381,,172
10,MEC,MINISTÉRIO DA EDUCAÇÃO,171,UFSB,UNIVERSIDADE FEDERAL DO SUL DA BAHIA,171,UFSB,Universidade Federal do Sul da Bahia,SIORG,145,ATIVO,122378,,171
10,MEC,MINISTÉRIO DA EDUCAÇÃO,173,UFOB,UNIVERSIDADE FEDERAL DO OESTE DA BAHIA,173,UFOB,Universidade Federal do Oeste da Bahia,SIORG,142,ATIVO,122386,,173
10,MEC,MINISTÉRIO DA EDUCAÇÃO,153,UFOPA,UNIVERSIDADE FEDERAL DO OESTE DO PARÁ,153,UFOPA,Universidade Federal do Oeste do Pará,SIORG,140,ATIVO,104667,,153
10,MEC,MINISTÉRIO DA EDUCAÇÃO,174,UFCA,UNIVERSIDADE FEDERAL DO CARIRI,174,UFCA,Universidade Federal do Cariri,SIORG,144,ATIVO,122391,,174
10,MEC,MINISTÉRIO DA EDUCAÇÃO,157,UNIPAMPA,FUNDAÇÃO UNIVERSIDADE FEDERAL DO PAMPA,157,UNIPAMPA,Fundação Universidade Federal do Pampa,SIORG,80,ATIVO,94739,,157
10,MEC,MINISTÉRIO DA EDUCAÇÃO,154,IFF,"INSTITUTO FEDERAL DE EDUCAÇÃO, CIÊNCIA E TECNOLOGIA FLUMINENSE",154,IFF,"Instituto Federal de Educação, Ciência e Tecnologia Fluminense",SIORG,133,ATIVO,100931,,154
10,MEC,MINISTÉRIO DA EDUCAÇÃO,145,IFPA,"INSTITUTO FEDERAL DE EDUCAÇÃO, CIÊNCIA E TECNOLOGIA DO PARÁ",145,IFPA,"Instituto Federal de Educação, Ciência e Tecnologia do Pará",SIORG,118,ATIVO,100917,,145
10,MEC,MINISTÉRIO DA EDUCAÇÃO,168,IFAP,"INSTITUTO FEDERAL DE EDUCAÇÃO, CIÊNCIA E TECNOLOGIA DO AMAPÁ",168,IFAP,"Instituto Federal de Educação, Ciência e Tecnologia do Amapá",SIORG,126,ATIVO,94428,,168
10,MEC,MINISTÉRIO DA EDUCAÇÃO,166,UFCG,UNIVERSIDADE FEDERAL DE CAMPINA GRANDE,166,UFCG,Universidade Federal de Campina Grande,SIORG,65,ATIVO,67671,,166
10,MEC,MINISTÉRIO DA EDUCAÇÃO,167,IFAC,"INSTITUTO FEDERAL DE EDUCAÇÃO, CIÊNCIA E TECNOLOGIA DO ACRE",167,IFAC,"Instituto Federal de Educação, Ciência e Tecnologia do Acre",SIORG,105,ATIVO,94427,,167
10,MEC,MINISTÉRIO DA EDUCAÇÃO,147,IFC,"INSTITUTO FEDERAL DE EDUCAÇÃO, CIÊNCIA E TECNOLOGIA CATARINENSE",147,IFC,"Instituto Federal de Educação, Ciência e Tecnologia Catarinense",SIORG,123,ATIVO,100919,,147
10,MEC,MINISTÉRIO DA EDUCAÇÃO,146,IFRS,"INSTITUTO FEDERAL DE EDUCAÇÃO, CIÊNCIA E TECNOLOGIA DO RIO GRANDE DO SUL",146,IFRS,"Instituto Federal de Educação, Ciência e Tecnologia do Rio Grande do Sul",SIORG,120,ATIVO,100918,,146
10,MEC,MINISTÉRIO DA EDUCAÇÃO,148,UFABC,FUNDAÇÃO UNIVERSIDADE FEDERAL DO ABC,148,UFABC,Fundação Universidade Federal do ABC,SIORG,104,ATIVO,84703,,148
10,MEC,MINISTÉRIO DA EDUCAÇÃO,149,UFT,FUNDAÇÃO UNIVERSIDADE FEDERAL DO TOCANTINS,149,UFT,Fundação Universidade Federal do Tocantins,SIORG,64,ATIVO,52702,,149
10,MEC,MINISTÉRIO DA EDUCAÇÃO,130,IFTO,"INSTITUTO FEDERAL DE EDUCAÇÃO, CIÊNCIA E TECNOLOGIA DO TOCANTINS",130,IFTO,"Instituto Federal de Educação, Ciência e Tecnologia do Tocantins",SIORG,125,ATIVO,100908,,130
10,MEC,MINISTÉRIO DA EDUCAÇÃO,144,IFMG,"INSTITUTO FEDERAL DE EDUCAÇÃO, CIÊNCIA E TECNOLOGIA DE MINAS GERAIS",144,IFMG,"Instituto Federal de Educação, Ciência e Tecnologia de Minas Gerais",SIORG,111,ATIVO,100914,,144
10,MEC,MINISTÉRIO DA EDUCAÇÃO,143,IFCE,"INSTITUTO FEDERAL DE EDUCAÇÃO, CIÊNCIA E TECNOLOGIA DO CEARÁ",143,IFCE,"Instituto Federal de Educação, Ciência e Tecnologia do Ceará",SIORG,109,ATIVO,100911,,143
10,MEC,MINISTÉRIO DA EDUCAÇÃO,142,IFAM,"INSTITUTO FEDERAL DE EDUCAÇÃO, CIÊNCIA E TECNOLOGIA DO AMAZONAS",142,IFAM,"Instituto Federal de Educação, Ciência e Tecnologia do Amazonas",SIORG,107,ATIVO,100910,,142
10,MEC,MINISTÉRIO DA EDUCAÇÃO,141,IFRO,"INSTITUTO FEDERAL DE EDUCAÇÃO, CIÊNCIA E TECNOLOGIA DE RONDÔNIA",141,IFRO,"Instituto Federal de Educação, Ciência e Tecnologia de Rondônia",SIORG,122,ATIVO,100907,,141
10,MEC,MINISTÉRIO DA EDUCAÇÃO,140,IFFAR,"INSTITUTO FEDERAL DE EDUCAÇÃO, CIÊNCIA E TECNOLOGIA FARROUPILHA",140,IFFAR,"Instituto Federal de Educação, Ciência e Tecnologia Farroupilha",SIORG,121,ATIVO,100906,,140
10,MEC,MINISTÉRIO DA EDUCAÇÃO,139,IFPB,"INSTITUTO FEDERAL DE EDUCAÇÃO, CIÊNCIA E TECNOLOGIA DA PARAÍBA",139,IFPB,"Instituto Federal de Educação, Ciência e Tecnologia da Paraíba",SIORG,119,ATIVO,100905,,139
10,MEC,MINISTÉRIO DA EDUCAÇÃO,150,IFPR,"INSTITUTO FEDERAL DE EDUCAÇÃO, CIÊNCIA E TECNOLOGIA DO PARANÁ",150,IFPR,"Instituto Federal de Educação, Ciência e Tecnologia do Paraná",SIORG,132,ATIVO,49103,,150
10,MEC,MINISTÉRIO DA EDUCAÇÃO,133,IF BAIANO,"INSTITUTO FEDERAL DE EDUCAÇÃO, CIÊNCIA E TECNOLOGIA BAIANO",133,IF BAIANO,"Instituto Federal de Educação, Ciência e Tecnologia Baiano",SIORG,108,ATIVO,100920,,133
10,MEC,MINISTÉRIO DA EDUCAÇÃO,132,IFSULMG,"INSTITUTO FEDERAL DE EDUCAÇÃO, CIÊNCIA E TECNOLOGIA DO SUL DE MINAS GERAIS",132,IFSULMG,"Instituto Federal de Educação, Ciência e Tecnologia do Sul de Minas Gerais",SIORG,114,ATIVO,100915,,132
10,MEC,MINISTÉRIO DA EDUCAÇÃO,131,IFES,"INSTITUTO FEDERAL DE EDUCAÇÃO, CIÊNCIA E TECNOLOGIA DO ESPÍRITO SANTO",131,IFES,"Instituto Federal de Educação, Ciência e Tecnologia do Espírito Santo",SIORG,221,ATIVO,100912,,131
10,MEC,MINISTÉRIO DA EDUCAÇÃO,117,IFRJ,"INSTITUTO FEDERAL DE EDUCAÇÃO, CIÊNCIA E TECNOLOGIA DO RIO DE JANEIRO",117,IFRJ,"Instituto Federal de Educação, Ciência e Tecnologia do Rio de Janeiro",SIORG,220,ATIVO,100930,,117
10,MEC,MINISTÉRIO DA EDUCAÇÃO,119,IFMT,"INSTITUTO FEDERAL DE EDUCAÇÃO, CIÊNCIA E TECNOLOGIA DE MATO GROSSO",119,IFMT,"Instituto Federal de Educação, Ciência e Tecnologia de Mato Grosso",SIORG,116,ATIVO,100916,,119
10,MEC,MINISTÉRIO DA EDUCAÇÃO,137,IFPE,"INSTITUTO FEDERAL DE EDUCAÇÃO, CIÊNCIA E TECNOLOGIA DE PERNAMBUCO",137,IFPE,"Instituto Federal de Educação, Ciência e Tecnologia de Pernambuco",SIORG,222,ATIVO,100922,,137
10,MEC,MINISTÉRIO DA EDUCAÇÃO,134,IFSERTAOPE,"INSTITUTO FEDERAL DE EDUCAÇÃO, CIÊNCIA E TECNOLOGIA DO SERTÃO PERNAMBUCANO",134,IFSERTAOPE,"Instituto Federal de Educação, Ciência e Tecnologia do Sertão Pernambucano",SIORG,130,ATIVO,46784,,134
10,MEC,MINISTÉRIO DA EDUCAÇÃO,129,IFTM,"INSTITUTO FEDERAL DE EDUCAÇÃO, CIÊNCIA E TECNOLOGIA DO TRIÂNGULO MINEIRO",129,IFTM,"Instituto Federal de Educação, Ciência e Tecnologia do Triângulo Mineiro",SIORG,115,ATIVO,100903,,129
10,MEC,MINISTÉRIO DA EDUCAÇÃO,128,IFSUDMG,"INSTITUTO FEDERAL DE EDUCAÇÃO, CIÊNCIA E TECNOLOGIA DO SUDESTE DE MINAS GERAIS",128,IFSUDMG,"Instituto Federal de Educação, Ciência e Tecnologia do Sudeste de Minas Gerais",SIORG,113,ATIVO,100902,,128
10,MEC,MINISTÉRIO DA EDUCAÇÃO,125,IFNMG,"INSTITUTO FEDERAL DE EDUCAÇÃO, CIÊNCIA E TECNOLOGIA DO NORTE DE MINAS GERAIS",125,IFNMG,"Instituto Federal de Educação, Ciência e Tecnologia do Norte de Minas Gerais",SIORG,112,ATIVO,100901,,125
10,MEC,MINISTÉRIO DA EDUCAÇÃO,120,IFMA,"INSTITUTO FEDERAL DE EDUCAÇÃO, CIÊNCIA E TECNOLOGIA DO MARANHÃO",120,IFMA,"Instituto Federal de Educação, Ciência e Tecnologia do Maranhão",SIORG,224,ATIVO,100921,,120
10,MEC,MINISTÉRIO DA EDUCAÇÃO,111,UFGD,FUNDAÇÃO UNIVERSIDADE FEDERAL DA GRANDE DOURADOS,111,UFGD,Fundação Universidade Federal da Grande Dourados,SIORG,102,ATIVO,84712,,111
10,MEC,MINISTÉRIO DA EDUCAÇÃO,109,IFRR,"INSTITUTO FEDERAL DE EDUCAÇÃO, CIÊNCIA E TECNOLOGIA DE RORAIMA",109,IFRR,"Instituto Federal de Educação, Ciência e Tecnologia de Roraima",SIORG,136,ATIVO,3561,,109
10,MEC,MINISTÉRIO DA EDUCAÇÃO,114,IFMS,"INSTITUTO FEDERAL DE EDUCAÇÃO, CIÊNCIA E TECNOLOGIA DE MATO GROSSO DO SUL",114,IFMS,"Instituto Federal de Educação, Ciência e Tecnologia de Mato Grosso do Sul",SIORG,117,ATIVO,100904,,114
10,MEC,MINISTÉRIO DA EDUCAÇÃO,113,IFAL,"INSTITUTO FEDERAL DE EDUCAÇÃO, CIÊNCIA E TECNOLOGIA DE ALAGOAS",113,IFAL,"Instituto Federal de Educação, Ciência e Tecnologia de Alagoas",SIORG,106,ATIVO,100900,,113
10,MEC,MINISTÉRIO DA EDUCAÇÃO,116,IF-GOIANO,"INSTITUTO FEDERAL DE EDUCAÇÃO, CIÊNCIA E TECNOLOGIA GOIANO",116,IF-GOIANO,"Instituto Federal de Educação, Ciência e Tecnologia Goiano",SIORG,110,ATIVO,100913,,116
10,MEC,MINISTÉRIO DA EDUCAÇÃO,115,IFS,"INSTITUTO FEDERAL DE EDUCAÇÃO, CIÊNCIA E TECNOLOGIA DE SERGIPE",115,IFS,"Instituto Federal de Educação, Ciência e Tecnologia de Sergipe",SIORG,124,ATIVO,100909,,115
10,MEC,MINISTÉRIO DA EDUCAÇÃO,86,UFCSPA,FUNDAÇÃO UNIVERSIDADE FEDERAL DE CIÊNCIAS DA SAÚDE DE PORTO ALEGRE,86,UFCSPA,Fundação Universidade Federal de Ciências da Saúde de Porto Alegre,SIORG,97,ATIVO,970,,86
10,MEC,MINISTÉRIO DA EDUCAÇÃO,88,UNIR,FUNDAÇÃO UNIVERSIDADE FEDERAL DE RONDÔNIA,88,UNIR,Fundação Universidade Federal de Rondônia,SIORG,82,ATIVO,1209,,88
10,MEC,MINISTÉRIO DA EDUCAÇÃO,100,UFRB,UNIVERSIDADE FEDERAL DO RECÔNCAVO DA BAHIA,100,UFRB,Universidade Federal do Recôncavo da Bahia,SIORG,103,ATIVO,84710,,100
10,MEC,MINISTÉRIO DA EDUCAÇÃO,102,UNIFAP,FUNDAÇÃO UNIVERSIDADE FEDERAL DO AMAPÁ,102,UNIFAP,Fundação Universidade Federal do Amapá,SIORG,99,ATIVO,1710,,102
10,MEC,MINISTÉRIO DA EDUCAÇÃO,101,UFRR,FUNDAÇÃO UNIVERSIDADE FEDERAL DE RORAIMA,101,UFRR,Fundação Universidade Federal de Roraima,SIORG,63,ATIVO,1605,,101
10,MEC,MINISTÉRIO DA EDUCAÇÃO,77,FUFOP,FUNDAÇÃO UNIVERSIDADE FEDERAL DE OURO PRETO,77,FUFOP,Fundação Universidade Federal de Ouro Preto,SIORG,90,ATIVO,473,,77
10,MEC,MINISTÉRIO DA EDUCAÇÃO,103,FUNREI,FUNDAÇÃO UNIVERSIDADE FEDERAL DE SÃO JOÃO DEL REI,103,FUNREI,Fundação Universidade Federal de São João Del Rei,SIORG,98,ATIVO,1734,,103
10,MEC,MINISTÉRIO DA EDUCAÇÃO,78,UFV,FUNDAÇÃO UNIVERSIDADE FEDERAL DE VIÇOSA,78,UFV,Fundação Universidade Federal de Viçosa,SIORG,95,ATIVO,474,,78
10,MEC,MINISTÉRIO DA EDUCAÇÃO,79,UFSCAR,FUNDAÇÃO UNIVERSIDADE FEDERAL DE SÃO CARLOS,79,UFSCAR,Fundação Universidade Federal de São Carlos,SIORG,93,ATIVO,475,,79
10,MEC,MINISTÉRIO DA EDUCAÇÃO,80,FURG,FUNDAÇÃO UNIVERSIDADE FEDERAL DO RIO GRANDE,80,FURG,Fundação Universidade Federal do Rio Grande,SIORG,86,ATIVO,476,,80
10,MEC,MINISTÉRIO DA EDUCAÇÃO,83,UFMS,FUNDAÇÃO UNIVERSIDADE FEDERAL DE MATO GROSSO DO SUL,83,UFMS,Fundação Universidade Federal de Mato Grosso do Sul,SIORG,96,ATIVO,827,,83
10,MEC,MINISTÉRIO DA EDUCAÇÃO,81,UFPEL,FUNDAÇÃO UNIVERSIDADE FEDERAL DE PELOTAS,81,UFPEL,Fundação Universidade Federal de Pelotas,SIORG,91,ATIVO,477,,81
10,MEC,MINISTÉRIO DA EDUCAÇÃO,74,UNB,FUNDAÇÃO UNIVERSIDADE DE BRASÍLIA,74,UNB,Fundação Universidade de Brasília,SIORG,85,ATIVO,470,,74
10,MEC,MINISTÉRIO DA EDUCAÇÃO,73,UFS,FUNDAÇÃO UNIVERSIDADE FEDERAL DE SERGIPE,73,UFS,Fundação Universidade Federal de Sergipe,SIORG,94,ATIVO,469,,73
10,MEC,MINISTÉRIO DA EDUCAÇÃO,72,UFPI,FUNDAÇÃO UNIVERSIDADE FEDERAL DO PIAUÍ,72,UFPI,Fundação Universidade Federal do Piauí,SIORG,92,ATIVO,468,,72
10,MEC,MINISTÉRIO DA EDUCAÇÃO,71,UFMA,FUNDAÇÃO UNIVERSIDADE FEDERAL DO MARANHÃO,71,UFMA,Fundação Universidade Federal do Maranhão,SIORG,219,ATIVO,467,,71
10,MEC,MINISTÉRIO DA EDUCAÇÃO,76,UFU,UNIVERSIDADE FEDERAL DE UBERLÂNDIA,76,UFU,Universidade Federal de Uberlândia,SIORG,87,ATIVO,472,,76
10,MEC,MINISTÉRIO DA EDUCAÇÃO,75,UFMT,FUNDAÇÃO UNIVERSIDADE FEDERAL DE MATO GROSSO,75,UFMT,Fundação Universidade Federal de Mato Grosso,SIORG,89,ATIVO,471,,75
10,MEC,MINISTÉRIO DA EDUCAÇÃO,65,UNIFAL-MG,UNIVERSIDADE FEDERAL DE ALFENAS,65,UNIFAL-MG,Universidade Federal de Alfenas,SIORG,72,ATIVO,461,,65
10,MEC,MINISTÉRIO DA EDUCAÇÃO,66,UNIFEI,UNIVERSIDADE FEDERAL DE ITAJUBÁ,66,UNIFEI,Universidade Federal de Itajubá,SIORG,73,ATIVO,462,,66
10,MEC,MINISTÉRIO DA EDUCAÇÃO,68,UNIFESP,UNIVERSIDADE FEDERAL DE SÃO PAULO,68,UNIFESP,Universidade Federal de São Paulo,SIORG,77,ATIVO,464,,68
10,MEC,MINISTÉRIO DA EDUCAÇÃO,67,UFLA,UNIVERSIDADE FEDERAL DE LAVRAS,67,UFLA,Universidade Federal de Lavras,SIORG,78,ATIVO,463,,67
10,MEC,MINISTÉRIO DA EDUCAÇÃO,70,UFAC,FUNDAÇÃO UNIVERSIDADE FEDERAL DO ACRE,70,UFAC,Fundação Universidade Federal do Acre,SIORG,88,ATIVO,466,,70
10,MEC,MINISTÉRIO DA EDUCAÇÃO,69,UFAM,FUNDAÇÃO UNIVERSIDADE DO AMAZONAS,69,UFAM,Fundação Universidade do Amazonas,SIORG,84,ATIVO,465,,69
10,MEC,MINISTÉRIO DA EDUCAÇÃO,60,IFSUL,"INSTITUTO FEDERAL DE EDUCAÇÃO, CIÊNCIA E TECNOLOGIA SUL-RIO-GRANDENSE",60,IFSUL,"Instituto Federal de Educação, Ciência e Tecnologia Sul-Rio-Grandense",SIORG,135,ATIVO,456,,60
10,MEC,MINISTÉRIO DA EDUCAÇÃO,59,IFSC,"INSTITUTO FEDERAL DE EDUCAÇÃO, CIÊNCIA E TECNOLOGIA DE SANTA CATARINA",59,IFSC,"Instituto Federal de Educação, Ciência e Tecnologia de Santa Catarina",SIORG,137,ATIVO,455,,59
10,MEC,MINISTÉRIO DA EDUCAÇÃO,61,UFRA,UNIVERSIDADE FEDERAL RURAL DA AMAZÔNIA,61,UFRA,Universidade Federal Rural da Amazônia,SIORG,66,ATIVO,457,,61
10,MEC,MINISTÉRIO DA EDUCAÇÃO,62,UFERSA-RN,UNIVERSIDADE FEDERAL RURAL DO SEMI-ÁRIDO,62,UFERSA-RN,Universidade Federal Rural do Semi-Árido,SIORG,79,ATIVO,458,,62
10,MEC,MINISTÉRIO DA EDUCAÇÃO,57,IFSP,"INSTITUTO FEDERAL DE EDUCAÇÃO, CIÊNCIA E TECNOLOGIA DE SÃO PAULO",57,IFSP,"Instituto Federal de Educação, Ciência e Tecnologia de São Paulo",SIORG,138,ATIVO,453,,57
10,MEC,MINISTÉRIO DA EDUCAÇÃO,56,IFG,"INSTITUTO FEDERAL DE EDUCAÇÃO, CIÊNCIA E TECNOLOGIA DE GOIÁS",56,IFG,"Instituto Federal de Educação, Ciência e Tecnologia de Goiás",SIORG,129,ATIVO,451,,56
10,MEC,MINISTÉRIO DA EDUCAÇÃO,55,CEFET-RJ,CENTRO FEDERAL DE EDUCAÇÃO TECNOLÓGICA - CELSO SUCKOW DA FONSECA,55,CEFET-RJ,Centro Federal de Educação Tecnológica - Celso Suckow da Fonseca,SIORG,69,ATIVO,448,,55
10,MEC,MINISTÉRIO DA EDUCAÇÃO,54,CEFET-MG,CENTRO FEDERAL DE EDUCAÇÃO TECNOLÓGICA DE MINAS GERAIS,54,CEFET-MG,Centro Federal de Educação Tecnológica de Minas Gerais,SIORG,70,ATIVO,445,,54
10,MEC,MINISTÉRIO DA EDUCAÇÃO,63,UFTM,UNIVERSIDADE FEDERAL DO TRIÂNGULO MINEIRO,63,UFTM,Universidade Federal do Triângulo Mineiro,SIORG,67,ATIVO,459,,63
10,MEC,MINISTÉRIO DA EDUCAÇÃO,53,IFBA,"INSTITUTO FEDERAL DE EDUCAÇÃO, CIÊNCIA E TECNOLOGIA DA BAHIA",53,IFBA,"Instituto Federal de Educação, Ciência e Tecnologia da Bahia",SIORG,127,ATIVO,444,,53
10,MEC,MINISTÉRIO DA EDUCAÇÃO,64,UFVJM,UNIVERSIDADE FEDERAL DOS VALES DO JEQUITINHONHA E MUCURI,64,UFVJM,Universidade Federal dos Vales do Jequitinhonha e Mucuri,SIORG,68,ATIVO,460,,64
10,MEC,MINISTÉRIO DA EDUCAÇÃO,58,UTFPR,UNIVERSIDADE TECNOLÓGICA FEDERAL DO PARANÁ,58,UTFPR,Universidade Tecnológica Federal do Paraná,SIORG,71,ATIVO,454,,58
10,MEC,MINISTÉRIO DA EDUCAÇÃO,48,UFSM,UNIVERSIDADE FEDERAL DE SANTA MARIA,48,UFSM,Universidade Federal de Santa Maria,SIORG,60,ATIVO,431,,48
10,MEC,MINISTÉRIO DA EDUCAÇÃO,47,UFRGS,UNIVERSIDADE FEDERAL DO RIO GRANDE DO SUL,47,UFRGS,Universidade Federal do Rio Grande do Sul,SIORG,57,ATIVO,430,,47
10,MEC,MINISTÉRIO DA EDUCAÇÃO,49,UFRRJ,UNIVERSIDADE FEDERAL RURAL DO RIO DE JANEIRO,49,UFRRJ,Universidade Federal Rural do Rio de Janeiro,SIORG,62,ATIVO,432,,49
10,MEC,MINISTÉRIO DA EDUCAÇÃO,51,IFPI,"INSTITUTO FEDERAL DE EDUCAÇÃO, CIÊNCIA E TECNOLOGIA DO PIAUÍ",51,IFPI,"Instituto Federal de Educação, Ciência e Tecnologia do Piauí",SIORG,131,ATIVO,434,,51
10,MEC,MINISTÉRIO DA EDUCAÇÃO,50,UFRPE,UNIVERSIDADE FEDERAL RURAL DE PERNAMBUCO,50,UFRPE,Universidade Federal Rural de Pernambuco,SIORG,61,ATIVO,433,,50
10,MEC,MINISTÉRIO DA EDUCAÇÃO,41,UFJF,UNIVERSIDADE FEDERAL DE JUIZ DE FORA,41,UFJF,Universidade Federal de Juiz de Fora,SIORG,50,ATIVO,424,,41
10,MEC,MINISTÉRIO DA EDUCAÇÃO,52,IFRN,"INSTITUTO FEDERAL DE EDUCAÇÃO, CIÊNCIA E TECNOLOGIA DO RIO GRANDE DO NORTE",52,IFRN,"Instituto Federal de Educação, Ciência e Tecnologia do Rio Grande do Norte",SIORG,134,ATIVO,439,,52
10,MEC,MINISTÉRIO DA EDUCAÇÃO,42,UFES,UNIVERSIDADE FEDERAL DO ESPÍRITO SANTO,42,UFES,Universidade Federal do Espírito Santo,SIORG,47,ATIVO,425,,42
10,MEC,MINISTÉRIO DA EDUCAÇÃO,43,UFRJ,UNIVERSIDADE FEDERAL DO RIO DE JANEIRO,43,UFRJ,Universidade Federal do Rio de Janeiro,SIORG,58,ATIVO,426,,43
10,MEC,MINISTÉRIO DA EDUCAÇÃO,45,UFPR,UNIVERSIDADE FEDERAL DO PARANÁ,45,UFPR,Universidade Federal do Paraná,SIORG,54,ATIVO,428,,45
10,MEC,MINISTÉRIO DA EDUCAÇÃO,44,UFF,UNIVERSIDADE FEDERAL FLUMINENSE,44,UFF,Universidade Federal Fluminense,SIORG,49,ATIVO,427,,44
10,MEC,MINISTÉRIO DA EDUCAÇÃO,40,UFMG,UNIVERSIDADE FEDERAL DE MINAS GERAIS,40,UFMG,Universidade Federal de Minas Gerais,SIORG,51,ATIVO,423,,40
10,MEC,MINISTÉRIO DA EDUCAÇÃO,39,UFG,UNIVERSIDADE FEDERAL DE GOIÁS,39,UFG,Universidade Federal de Goiás,SIORG,48,ATIVO,422,,39
10,MEC,MINISTÉRIO DA EDUCAÇÃO,38,UFBA,UNIVERSIDADE FEDERAL DA BAHIA,38,UFBA,Universidade Federal da Bahia,SIORG,45,ATIVO,421,,38
10,MEC,MINISTÉRIO DA EDUCAÇÃO,46,UFSC,UNIVERSIDADE FEDERAL DE SANTA CATARINA,46,UFSC,Universidade Federal de Santa Catarina,SIORG,59,ATIVO,429,,46
10,MEC,MINISTÉRIO DA EDUCAÇÃO,35,UFPE,UNIVERSIDADE FEDERAL DE PERNAMBUCO,35,UFPE,Universidade Federal de Pernambuco,SIORG,55,ATIVO,418,,35
10,MEC,MINISTÉRIO DA EDUCAÇÃO,37,UFAL,UNIVERSIDADE FEDERAL DE ALAGOAS,37,UFAL,Universidade Federal de Alagoas,SIORG,44,ATIVO,420,,37
10,MEC,MINISTÉRIO DA EDUCAÇÃO,36,UFPB,UNIVERSIDADE FEDERAL DA PARAÍBA,36,UFPB,Universidade Federal da Paraíba,SIORG,53,ATIVO,419,,36
215,MEMP,"MINISTÉRIO DO EMPREENDEDORISMO, DA MICROEMPRESA E DA EMPRESA DE PEQUENO PORTE",215,MEMP,"MINISTÉRIO DO EMPREENDEDORISMO, DA MICROEMPRESA E DA EMPRESA DE PEQUENO PORTE",17700,MEMP,MIN EMPREEND MICROEMP EMP PEQUENO PORTE,SIAPE,533,,330683,,215
215,MEMP,"MINISTÉRIO DO EMPREENDEDORISMO, DA MICROEMPRESA E DA EMPRESA DE PEQUENO PORTE",215,MEMP,"MINISTÉRIO DO EMPREENDEDORISMO, DA MICROEMPRESA E DA EMPRESA DE PEQUENO PORTE",215,MEMP,"Ministério do Empreendedorismo, da Microempresa e da Empresa de Pequeno Porte",SIORG,254,ATIVO,330683,,215
195,MESP,MINISTÉRIO DO ESPORTE,195,MESP,MINISTÉRIO DO ESPORTE,55200,MESP,MINISTERIO DO ESPORTE,SIAPE,545,,308797,,195
195,MESP,MINISTÉRIO DO ESPORTE,195,MESP,MINISTÉRIO DO ESPORTE,195,MESP,Ministério do Esporte,SIORG,251,ATIVO,308797,,195
198,MF,MINISTÉRIO DA FAZENDA,24,SUSEP,SUPERINTENDÊNCIA DE SEGUROS PRIVADOS,25208,SUSEP,SUPERINTENDENCIA DE SEGUROS PRIVADOS,SIAFI,503,ATIVO,235,176,24
198,MF,MINISTÉRIO DA FAZENDA,82,CVM,COMISSÃO DE VALORES MOBILIÁRIOS,25203,CVM,COMISSAO DE VALORES MOBILIARIOS,SIAFI,434,ATIVO,478,221,82
198,MF,MINISTÉRIO DA FAZENDA,198,MF,MINISTÉRIO DA FAZENDA,25000,MF,MINISTERIO DA FAZENDA,SIAFI,579,NÃO INFORMADO,308800,,198
198,MF,MINISTÉRIO DA FAZENDA,82,CVM,COMISSÃO DE VALORES MOBILIÁRIOS,45203,CVM,COMISSAO DE VALORES MOBILIARIOS,SIAPE,492,NÃO INFORMADO,478,221,82
198,MF,MINISTÉRIO DA FAZENDA,198,MF,MINISTÉRIO DA FAZENDA,17000,MF,MINISTERIO DA FAZENDA,SIAPE,278,NÃO INFORMADO,308800,78,198
198,MF,MINISTÉRIO DA FAZENDA,198,MF,MINISTÉRIO DA FAZENDA,17600,MF,MINISTERIO DA FAZENDA,SIAPE,570,,308800,,198
198,MF,MINISTÉRIO DA FAZENDA,24,SUSEP,SUPERINTENDÊNCIA DE SEGUROS PRIVADOS,45208,SUSEP,SUPERINTENDENCIA DE SEGUROS PRIVADOS,SIAPE,429,NÃO INFORMADO,235,176,24
198,MF,MINISTÉRIO DA FAZENDA,24,SUSEP,SUPERINTENDÊNCIA DE SEGUROS PRIVADOS,24,SUSEP,Superintendência de Seguros Privados,SIORG,200,ATIVO,235,,24
198,MF,MINISTÉRIO DA FAZENDA,82,CVM,COMISSÃO DE VALORES MOBILIÁRIOS,82,CVM,Comissão de Valores Mobiliários,SIORG,197,ATIVO,478,,82
198,MF,MINISTÉRIO DA FAZENDA,198,MF,MINISTÉRIO DA FAZENDA,198,MF,Ministério da Fazenda,SIORG,237,ATIVO,308800,,198
199,MGI,MINISTÉRIO DA GESTÃO E DA INOVAÇÃO EM SERVIÇOS PÚBLICOS,84,ENAP,FUNDAÇÃO ESCOLA NACIONAL DE ADMINISTRAÇÃO PÚBLICA,20202,ENAP,FUNDACAO ESCOLA NACIONAL DE ADM. PUBLICA,SIAFI,431,ATIVO,956,20,84
199,MGI,MINISTÉRIO DA GESTÃO E DA INOVAÇÃO EM SERVIÇOS PÚBLICOS,151,ITI,INSTITUTO NACIONAL DE TECNOLOGIA DA INFORMAÇÃO,24208,ITI,INSTITUTO NAC.DE TECNOLOGIA DA INFORMACAO-ITI,SIAFI,558,ATIVO,47388,89,151
199,MGI,MINISTÉRIO DA GESTÃO E DA INOVAÇÃO EM SERVIÇOS PÚBLICOS,199,MGI,MINISTÉRIO DA GESTÃO E DA INOVAÇÃO EM SERVIÇOS PÚBLICOS,17500,MGI,MIN GESTAO E INOV EM SERV PUBLICOS,SIAPE,571,,308803,,199
199,MGI,MINISTÉRIO DA GESTÃO E DA INOVAÇÃO EM SERVIÇOS PÚBLICOS,84,ENAP,FUNDAÇÃO ESCOLA NACIONAL DE ADMINISTRAÇÃO PÚBLICA,40202,ENAP,FUNDACAO ESCOLA NACIONAL DE ADM. PUBLICA,SIAPE,519,NÃO INFORMADO,956,20,84
199,MGI,MINISTÉRIO DA GESTÃO E DA INOVAÇÃO EM SERVIÇOS PÚBLICOS,151,ITI,INSTITUTO NACIONAL DE TECNOLOGIA DA INFORMAÇÃO,17800,ITI,INST NAC DE TECN DA INFORMACAO,SIAPE,552,,47388,,151
199,MGI,MINISTÉRIO DA GESTÃO E DA INOVAÇÃO EM SERVIÇOS PÚBLICOS,151,ITI,INSTITUTO NACIONAL DE TECNOLOGIA DA INFORMAÇÃO,151,ITI,Instituto Nacional de Tecnologia da Informação,SIORG,255,ATIVO,47388,,151
199,MGI,MINISTÉRIO DA GESTÃO E DA INOVAÇÃO EM SERVIÇOS PÚBLICOS,84,ENAP,FUNDAÇÃO ESCOLA NACIONAL DE ADMINISTRAÇÃO PÚBLICA,84,ENAP,Fundação Escola Nacional de Administração Pública,SIORG,175,ATIVO,956,,84
199,MGI,MINISTÉRIO DA GESTÃO E DA INOVAÇÃO EM SERVIÇOS PÚBLICOS,199,MGI,MINISTÉRIO DA GESTÃO E DA INOVAÇÃO EM SERVIÇOS PÚBLICOS,199,MGI,Ministério da Gestão e da Inovação em Serviços Públicos,SIORG,238,ATIVO,308803,,199
197,MIDR,MINISTÉRIO DA INTEGRAÇÃO E DO DESENVOLVIMENTO REGIONAL,118,SUDECO,SUPERINTENDÊNCIA DO DESENVOLVIMENTO DO CENTRO-OESTE,53207,SUDECO,SUPERINT. DE DESENVOLVIMENTO DO CENTRO-OESTE,SIAFI,272,ATIVO,100113,153,118
197,MIDR,MINISTÉRIO DA INTEGRAÇÃO E DO DESENVOLVIMENTO REGIONAL,118,SUDECO,SUPERINTENDÊNCIA DO DESENVOLVIMENTO DO CENTRO-OESTE,80201,SUDECO,SUPERINTEND.DO DESENV.DA REGIAO CENTRO-OESTE,SIAFI,471,ATIVO,2981,,118
197,MIDR,MINISTÉRIO DA INTEGRAÇÃO E DO DESENVOLVIMENTO REGIONAL,178,SUDAM,SUPERINTENDÊNCIA DO DESENVOLVIMENTO DA AMAZÔNIA,53202,SUDAM,SUPERINTEND. DO DESENVOLVIMENTO DA AMAZONIA,SIAFI,462,ATIVO,91138,132,178
197,MIDR,MINISTÉRIO DA INTEGRAÇÃO E DO DESENVOLVIMENTO REGIONAL,178,SUDAM,SUPERINTENDÊNCIA DO DESENVOLVIMENTO DA AMAZÔNIA,20602,SUDAM,SUPERINTENDENCIA DO DESENVOLV. DA AMAZONIA,SIAFI,468,ATIVO,42670,,178
197,MIDR,MINISTÉRIO DA INTEGRAÇÃO E DO DESENVOLVIMENTO REGIONAL,29,DNOCS,DEPARTAMENTO NACIONAL DE OBRAS CONTRA AS SECAS,22204,DNOCS,DEPARTAMENTO NAC.DE OBRAS CONTRA AS SECAS,SIAFI,530,ATIVO,367,111,29
197,MIDR,MINISTÉRIO DA INTEGRAÇÃO E DO DESENVOLVIMENTO REGIONAL,107,SUDENE,SUPERINTENDÊNCIA DO DESENVOLVIMENTO DO NORDESTE,53203,SUDENE,SUPERINTENDENCIA DO DESENVOLV. DO NORDESTE,SIAFI,287,ATIVO,91144,190,107
197,MIDR,MINISTÉRIO DA INTEGRAÇÃO E DO DESENVOLVIMENTO REGIONAL,107,SUDENE,SUPERINTENDÊNCIA DO DESENVOLVIMENTO DO NORDESTE,20601,SUDENE,SUPERINTENDENCIA DO DESENVOLV. DO NORDESTE,SIAFI,467,ATIVO,42670,,107
197,MIDR,MINISTÉRIO DA INTEGRAÇÃO E DO DESENVOLVIMENTO REGIONAL,107,SUDENE,SUPERINTENDÊNCIA DO DESENVOLVIMENTO DO NORDESTE,53203,SUDENE,SUDENE,SIAPE,333,NÃO INFORMADO,91144,190,107
197,MIDR,MINISTÉRIO DA INTEGRAÇÃO E DO DESENVOLVIMENTO REGIONAL,178,SUDAM,SUPERINTENDÊNCIA DO DESENVOLVIMENTO DA AMAZÔNIA,53202,SUDAM,SUDAM,SIAPE,520,NÃO INFORMADO,91138,132,178
197,MIDR,MINISTÉRIO DA INTEGRAÇÃO E DO DESENVOLVIMENTO REGIONAL,197,MIDR,MINISTÉRIO DA INTEGRAÇÃO E DO DESENVOLVIMENTO REGIONAL,40100,MIDR,MIN DA INTEG E DO DESENV REGIONAL,SIAPE,3,,308799,,197
197,MIDR,MINISTÉRIO DA INTEGRAÇÃO E DO DESENVOLVIMENTO REGIONAL,29,DNOCS,DEPARTAMENTO NACIONAL DE OBRAS CONTRA AS SECAS,42204,DNOCS,DEPTO. NACIONAL DE OBRAS CONTRA AS SECAS,SIAPE,380,NÃO INFORMADO,367,111,29
197,MIDR,MINISTÉRIO DA INTEGRAÇÃO E DO DESENVOLVIMENTO REGIONAL,118,SUDECO,SUPERINTENDÊNCIA DO DESENVOLVIMENTO DO CENTRO-OESTE,53297,SUDECO,SUDECO,SIAPE,261,NÃO INFORMADO,100113,153,118
197,MIDR,MINISTÉRIO DA INTEGRAÇÃO E DO DESENVOLVIMENTO REGIONAL,178,SUDAM,SUPERINTENDÊNCIA DO DESENVOLVIMENTO DA AMAZÔNIA,178,SUDAM,Superintendência do Desenvolvimento da Amazônia,SIORG,207,ATIVO,91138,,178
197,MIDR,MINISTÉRIO DA INTEGRAÇÃO E DO DESENVOLVIMENTO REGIONAL,197,MIDR,MINISTÉRIO DA INTEGRAÇÃO E DO DESENVOLVIMENTO REGIONAL,197,MIDR,Ministério da Integração e do Desenvolvimento Regional,SIORG,233,ATIVO,308799,,197
197,MIDR,MINISTÉRIO DA INTEGRAÇÃO E DO DESENVOLVIMENTO REGIONAL,118,SUDECO,SUPERINTENDÊNCIA DO DESENVOLVIMENTO DO CENTRO-OESTE,118,SUDECO,Superintendência do Desenvolvimento do Centro-Oeste,SIORG,209,ATIVO,100113,,118
197,MIDR,MINISTÉRIO DA INTEGRAÇÃO E DO DESENVOLVIMENTO REGIONAL,107,SUDENE,SUPERINTENDÊNCIA DO DESENVOLVIMENTO DO NORDESTE,107,SUDENE,Superintendência do Desenvolvimento do Nordeste,SIORG,208,ATIVO,91144,,107
197,MIDR,MINISTÉRIO DA INTEGRAÇÃO E DO DESENVOLVIMENTO REGIONAL,29,DNOCS,DEPARTAMENTO NACIONAL DE OBRAS CONTRA AS SECAS,29,DNOCS,Departamento Nacional de Obras Contra as Secas,SIORG,192,ATIVO,367,,29
208,MINC,MINISTÉRIO DA CULTURA,91,FCP,FUNDAÇÃO CULTURAL PALMARES,20408,FCP,FUNDACAO CULTURAL PALMARES,SIAFI,501,ATIVO,1782,149,91
208,MINC,MINISTÉRIO DA CULTURA,99,IPHAN,INSTITUTO DO PATRIMÔNIO HISTÓRICO E ARTÍSTICO NACIONAL,20411,IPHAN,INSTITUTO DO PATRIMONIO HIST. E ART. NACIONAL,SIAFI,398,ATIVO,2045,81,99
208,MINC,MINISTÉRIO DA CULTURA,105,FUNARTE,FUNDAÇÃO NACIONAL DE ARTES,20412,FUNARTE,FUNDACAO NACIONAL DE ARTES,SIAFI,288,ATIVO,2330,120,105
208,MINC,MINISTÉRIO DA CULTURA,126,IBRAM,INSTITUTO BRASILEIRO DE MUSEUS,42207,IBRAM,INSTITUTO BRASILEIRO DE MUSEUS,SIAFI,460,ATIVO,100584,230,126
208,MINC,MINISTÉRIO DA CULTURA,152,ANCINE,AGÊNCIA NACIONAL DO CINEMA,20203,ANCINE,AGENCIA NACIONAL DO CINEMA,SIAFI,432,ATIVO,57682,198,152
208,MINC,MINISTÉRIO DA CULTURA,208,MINC,MINISTÉRIO DA CULTURA,42000,MINC,MINISTERIO DA CULTURA,SIAFI,284,ATIVO,1926,225,208
208,MINC,MINISTÉRIO DA CULTURA,208,MINC,MINISTÉRIO DA CULTURA,40107,MINC,MINISTERIO DA CULTURA,SIAPE,329,NÃO INFORMADO,308821,225,208
208,MINC,MINISTÉRIO DA CULTURA,208,MINC,MINISTÉRIO DA CULTURA,54100,MINC,MINISTERIO DA CULTURA,SIAPE,564,,308821,,208
208,MINC,MINISTÉRIO DA CULTURA,126,IBRAM,INSTITUTO BRASILEIRO DE MUSEUS,42207,IBRAM,IBRAM,SIAPE,488,NÃO INFORMADO,100584,230,126
208,MINC,MINISTÉRIO DA CULTURA,105,FUNARTE,FUNDAÇÃO NACIONAL DE ARTES,24203,FUNARTE,INSTITUTO BRASILEIRO DE ARTE E CULTURA,SIAPE,435,NÃO INFORMADO,2330,120,105
208,MINC,MINISTÉRIO DA CULTURA,91,FCP,FUNDAÇÃO CULTURAL PALMARES,40408,FCP,FUNDACAO CULTURAL PALMARES,SIAPE,484,NÃO INFORMADO,1782,149,91
208,MINC,MINISTÉRIO DA CULTURA,99,IPHAN,INSTITUTO DO PATRIMÔNIO HISTÓRICO E ARTÍSTICO NACIONAL,24204,IPHAN,INSTITUTO DO PATR.HIST.E ART. NACIONAL,SIAPE,385,NÃO INFORMADO,2045,81,99
208,MINC,MINISTÉRIO DA CULTURA,17,FCRB,FUNDAÇÃO CASA DE RUI BARBOSA,40403,FCRB,FUNDACAO CASA DE RUI BARBOSA,SIAPE,374,NÃO INFORMADO,261,242,17
208,MINC,MINISTÉRIO DA CULTURA,87,FBN,FUNDAÇÃO BIBLIOTECA NACIONAL,24205,FBN,FUNDACAO BIBLIOTECA NACIONAL,SIAPE,285,NÃO INFORMADO,984,224,87
208,MINC,MINISTÉRIO DA CULTURA,152,ANCINE,AGÊNCIA NACIONAL DO CINEMA,20224,ANCINE,ANCINE,SIAPE,282,NÃO INFORMADO,57682,198,152
208,MINC,MINISTÉRIO DA CULTURA,91,FCP,FUNDAÇÃO CULTURAL PALMARES,91,FCP,Fundação Cultural Palmares,SIORG,178,ATIVO,1782,,91
208,MINC,MINISTÉRIO DA CULTURA,87,FBN,FUNDAÇÃO BIBLIOTECA NACIONAL,87,FBN,Fundação Biblioteca Nacional,SIORG,34,ATIVO,984,,87
208,MINC,MINISTÉRIO DA CULTURA,17,FCRB,FUNDAÇÃO CASA DE RUI BARBOSA,17,FCRB,Fundação Casa de Rui Barbosa,SIORG,177,ATIVO,261,,17
208,MINC,MINISTÉRIO DA CULTURA,99,IPHAN,INSTITUTO DO PATRIMÔNIO HISTÓRICO E ARTÍSTICO NACIONAL,99,IPHAN,Instituto do Patrimônio Histórico e Artístico Nacional,SIORG,33,ATIVO,2045,,99
208,MINC,MINISTÉRIO DA CULTURA,126,IBRAM,INSTITUTO BRASILEIRO DE MUSEUS,126,IBRAM,Instituto Brasileiro de Museus,SIORG,193,ATIVO,100584,,126
208,MINC,MINISTÉRIO DA CULTURA,105,FUNARTE,FUNDAÇÃO NACIONAL DE ARTES,105,FUNARTE,Fundação Nacional de Artes,SIORG,32,ATIVO,2330,,105
208,MINC,MINISTÉRIO DA CULTURA,152,ANCINE,AGÊNCIA NACIONAL DO CINEMA,152,ANCINE,Agência Nacional do Cinema,SIORG,27,ATIVO,57682,,152
208,MINC,MINISTÉRIO DA CULTURA,208,MINC,MINISTÉRIO DA CULTURA,208,MINC,Ministério da Cultura,SIORG,231,ATIVO,308821,,208
209,MIR,MINISTÉRIO DA IGUALDADE RACIAL,209,MIR,MINISTÉRIO DA IGUALDADE RACIAL,81300,MIR,MINISTERIO DA IGUALDADE RACIAL,SIAPE,551,,308823,,209
209,MIR,MINISTÉRIO DA IGUALDADE RACIAL,209,MIR,MINISTÉRIO DA IGUALDADE RACIAL,209,MIR,Ministério da Igualdade Racial,SIORG,244,ATIVO,308823,,209
187,MJSP,MINISTÉRIO DA JUSTIÇA E SEGURANÇA PÚBLICA,28,CADE,CONSELHO ADMINISTRATIVO DE DEFESA ECONÔMICA,30211,CADE,CONSELHO ADMINISTRATIVO DE DEFESA ECONOMICA,SIAFI,352,ATIVO,322,216,28
187,MJSP,MINISTÉRIO DA JUSTIÇA E SEGURANÇA PÚBLICA,187,MJSP,MINISTÉRIO DA JUSTIÇA E SEGURANÇA PÚBLICA,30000,MJSP,MINISTERIO DA JUSTICA E SEGURANCA PUBLICA,SIAFI,549,ATIVO,316,177,187
187,MJSP,MINISTÉRIO DA JUSTIÇA E SEGURANÇA PÚBLICA,187,MJSP,MINISTÉRIO DA JUSTIÇA E SEGURANÇA PÚBLICA,30108,DPF,DEPARTAMENTO DE POLICIA FEDERAL,SIAFI,580,NÃO INFORMADO,324,,187
187,MJSP,MINISTÉRIO DA JUSTIÇA E SEGURANÇA PÚBLICA,187,MJSP,MINISTÉRIO DA JUSTIÇA E SEGURANÇA PÚBLICA,82102,DPF,DEPARTAMENTO DE POLICIA FEDERAL,SIAFI,581,NÃO INFORMADO,324,,187
187,MJSP,MINISTÉRIO DA JUSTIÇA E SEGURANÇA PÚBLICA,187,MJSP,MINISTÉRIO DA JUSTIÇA E SEGURANÇA PÚBLICA,30107,DPRF,DEPARTAMENTO DE POLICIA RODOVIARIA FEDERAL,SIAFI,582,NÃO INFORMADO,704,,187
187,MJSP,MINISTÉRIO DA JUSTIÇA E SEGURANÇA PÚBLICA,187,MJSP,MINISTÉRIO DA JUSTIÇA E SEGURANÇA PÚBLICA,82103,DPRF,DEPARTAMENTO DE POLICIA RODOVIARIA FEDERAL,SIAFI,583,NÃO INFORMADO,704,,187
187,MJSP,MINISTÉRIO DA JUSTIÇA E SEGURANÇA PÚBLICA,28,CADE,CONSELHO ADMINISTRATIVO DE DEFESA ECONÔMICA,38000,CADE,CONSELHO ADMINIST.DE DEFESA ECONOMICA,SIAPE,412,NÃO INFORMADO,322,216,28
187,MJSP,MINISTÉRIO DA JUSTIÇA E SEGURANÇA PÚBLICA,187,MJSP,MINISTÉRIO DA JUSTIÇA E SEGURANÇA PÚBLICA,20115,DPF,DEPARTAMENTO DE POLICIA FEDERAL,SIAPE,384,NÃO INFORMADO,324,273,187
187,MJSP,MINISTÉRIO DA JUSTIÇA E SEGURANÇA PÚBLICA,187,MJSP,MINISTÉRIO DA JUSTIÇA E SEGURANÇA PÚBLICA,30802,DPRF,DPRF,SIAPE,410,NÃO INFORMADO,704,295,187
187,MJSP,MINISTÉRIO DA JUSTIÇA E SEGURANÇA PÚBLICA,187,MJSP,MINISTÉRIO DA JUSTIÇA E SEGURANÇA PÚBLICA,20000,MJ,MINISTERIO DA JUSTICA,SIAPE,415,NÃO INFORMADO,235881,177,187
187,MJSP,MINISTÉRIO DA JUSTIÇA E SEGURANÇA PÚBLICA,187,MJSP,MINISTÉRIO DA JUSTIÇA E SEGURANÇA PÚBLICA,187,MJSP,Ministério da Justiça e Segurança Pública,SIORG,21,ATIVO,235881,,187
187,MJSP,MINISTÉRIO DA JUSTIÇA E SEGURANÇA PÚBLICA,28,CADE,CONSELHO ADMINISTRATIVO DE DEFESA ECONÔMICA,28,CADE,Conselho Administrativo de Defesa Econômica,SIORG,165,ATIVO,322,,28
187,MJSP,MINISTÉRIO DA JUSTIÇA E SEGURANÇA PÚBLICA,187,MJSP,MINISTÉRIO DA JUSTIÇA E SEGURANÇA PÚBLICA,704,DPRF,DEPARTAMENTO DE POLICIA RODOVIARIA FEDERAL,SIORG,584,NÃO INFORMADO,704,,187
187,MJSP,MINISTÉRIO DA JUSTIÇA E SEGURANÇA PÚBLICA,187,MJSP,MINISTÉRIO DA JUSTIÇA E SEGURANÇA PÚBLICA,235884,ANPD,AUTORIDADE NACIONAL DE PROTEÇÃO DE DADOS,SIORG,577,ATIVO,235884,216,187
96,MMA,MINISTÉRIO DO MEIO AMBIENTE E MUDANÇA DO CLIMA,136,ANA,AGÊNCIA NACIONAL DE ÁGUAS E SANEAMENTO BÁSICO,44205,ANA,AGENCIA NACIONAL DE AGUAS,SIAFI,269,ATIVO,46876,260,136
96,MMA,MINISTÉRIO DO MEIO AMBIENTE E MUDANÇA DO CLIMA,94,IBAMA,INSTITUTO BRASILEIRO DO MEIO AMBIENTE E DOS RECURSOS NATURAIS RENOVÁVEIS,20701,IBAMA,INST.BRAS.DO MEIO AMB.E DOS REC.NAT.RENOVAV.,SIAFI,502,ATIVO,1812,77,94
96,MMA,MINISTÉRIO DO MEIO AMBIENTE E MUDANÇA DO CLIMA,95,JBRJ,INSTITUTO DE PESQUISAS JARDIM BOTÂNICO DO RIO DE JANEIRO,44206,JBRJ,INSTITUTO DE PESQUISAS JARDIM BOTANICO DO RJ,SIAFI,312,ATIVO,1913,186,95
96,MMA,MINISTÉRIO DO MEIO AMBIENTE E MUDANÇA DO CLIMA,95,JBRJ,INSTITUTO DE PESQUISAS JARDIM BOTÂNICO DO RIO DE JANEIRO,44206,JBRJ,JBRJ,SIAPE,413,NÃO INFORMADO,1913,186,95
96,MMA,MINISTÉRIO DO MEIO AMBIENTE E MUDANÇA DO CLIMA,96,MMA,MINISTÉRIO DO MEIO AMBIENTE E MUDANÇA DO CLIMA,40111,MMA,MINIST.MEIO AMB.REC.HID.E AMAZONIA LEGAL,SIAPE,76,NÃO INFORMADO,888888,22,96
96,MMA,MINISTÉRIO DO MEIO AMBIENTE E MUDANÇA DO CLIMA,156,ICMBIO,INSTITUTO CHICO MENDES DE CONSERVAÇÃO DA BIODIVERSIDADE,44207,ICMBIO,ICMBIO,SIAPE,489,NÃO INFORMADO,91842,199,156
96,MMA,MINISTÉRIO DO MEIO AMBIENTE E MUDANÇA DO CLIMA,96,MMA,MINISTÉRIO DO MEIO AMBIENTE E MUDANÇA DO CLIMA,40211,MMA,MINISTERIO DO MEIO AMBIENTE,SIAPE,527,,1927,,96
96,MMA,MINISTÉRIO DO MEIO AMBIENTE E MUDANÇA DO CLIMA,94,IBAMA,INSTITUTO BRASILEIRO DO MEIO AMBIENTE E DOS RECURSOS NATURAIS RENOVÁVEIS,40701,IBAMA,INST. BR. MEIO AMB. REC. NAT. RENOVAVEIS,SIAPE,259,NÃO INFORMADO,1812,77,94
96,MMA,MINISTÉRIO DO MEIO AMBIENTE E MUDANÇA DO CLIMA,136,ANA,AGÊNCIA NACIONAL DE ÁGUAS E SANEAMENTO BÁSICO,44205,ANA,ANA,SIAPE,260,NÃO INFORMADO,46876,260,136
96,MMA,MINISTÉRIO DO MEIO AMBIENTE E MUDANÇA DO CLIMA,136,ANA,AGÊNCIA NACIONAL DE ÁGUAS E SANEAMENTO BÁSICO,136,ANA,Agência Nacional de Águas e Saneamento Básico,SIORG,194,ATIVO,46876,,136
96,MMA,MINISTÉRIO DO MEIO AMBIENTE E MUDANÇA DO CLIMA,156,ICMBIO,INSTITUTO CHICO MENDES DE CONSERVAÇÃO DA BIODIVERSIDADE,156,ICMBIO,Instituto Chico Mendes de Conservação da Biodiversidade,SIORG,196,ATIVO,91842,,156
96,MMA,MINISTÉRIO DO MEIO AMBIENTE E MUDANÇA DO CLIMA,96,MMA,MINISTÉRIO DO MEIO AMBIENTE E MUDANÇA DO CLIMA,96,MMA,Ministério do Meio Ambiente e Mudança do Clima,SIORG,248,ATIVO,1927,,96
96,MMA,MINISTÉRIO DO MEIO AMBIENTE E MUDANÇA DO CLIMA,95,JBRJ,INSTITUTO DE PESQUISAS JARDIM BOTÂNICO DO RIO DE JANEIRO,95,JBRJ,Instituto de Pesquisas Jardim Botânico do Rio de Janeiro,SIORG,195,ATIVO,1913,,95
96,MMA,MINISTÉRIO DO MEIO AMBIENTE E MUDANÇA DO CLIMA,94,IBAMA,INSTITUTO BRASILEIRO DO MEIO AMBIENTE E DOS RECURSOS NATURAIS RENOVÁVEIS,94,IBAMA,Instituto Brasileiro do Meio Ambiente e dos Recursos Naturais Renováveis,SIORG,182,ATIVO,1812,,94
108,MME,MINISTÉRIO DE MINAS E ENERGIA,108,MME,MINISTÉRIO DE MINAS E ENERGIA,32205,ANP,AGENCIA NACIONAL DO PETROLEO,SIAFI,353,ATIVO,25281,122,108
108,MME,MINISTÉRIO DE MINAS E ENERGIA,108,MME,MINISTÉRIO DE MINAS E ENERGIA,32000,MME,MINISTERIO DE MINAS E ENERGIA,SIAFI,383,ATIVO,2852,26,108
108,MME,MINISTÉRIO DE MINAS E ENERGIA,124,ANEEL,AGÊNCIA NACIONAL DE ENERGIA ELÉTRICA,32210,ANEEL,AGENCIA NACIONAL DE ENERGIA ELETRICA,SIAFI,452,ATIVO,21089,193,124
108,MME,MINISTÉRIO DE MINAS E ENERGIA,181,ANM,AGÊNCIA NACIONAL DE MINERAÇÃO,32396,ANM,AGENCIA NACIONAL DE MINERACAO,SIAFI,454,ATIVO,222120,237,181
108,MME,MINISTÉRIO DE MINAS E ENERGIA,181,ANM,AGÊNCIA NACIONAL DE MINERAÇÃO,32396,ANM,AGÊNCIA NACIONAL DE MINERAÇÃO,SIAPE,522,NÃO INFORMADO,222120,,181
108,MME,MINISTÉRIO DE MINAS E ENERGIA,108,MME,MINISTÉRIO DE MINAS E ENERGIA,32300,ANP,AGENCIA NACIONAL DO PETROLEO,SIAPE,350,NÃO INFORMADO,25281,122,108
108,MME,MINISTÉRIO DE MINAS E ENERGIA,124,ANEEL,AGÊNCIA NACIONAL DE ENERGIA ELÉTRICA,32200,ANEEL,AGENCIA NACIONAL DE ENERGIA ELETRICA,SIAPE,347,NÃO INFORMADO,21089,193,124
108,MME,MINISTÉRIO DE MINAS E ENERGIA,108,MME,MINISTÉRIO DE MINAS E ENERGIA,32000,MME,MINISTERIO DE MINAS E ENERGIA,SIAPE,370,NÃO INFORMADO,2852,26,108
108,MME,MINISTÉRIO DE MINAS E ENERGIA,108,MME,MINISTÉRIO DE MINAS E ENERGIA,108,MME,Ministério de Minas e Energia,SIORG,152,ATIVO,2852,,108
108,MME,MINISTÉRIO DE MINAS E ENERGIA,108,MME,MINISTÉRIO DE MINAS E ENERGIA,25281,ANP,"Agência Nacional do Petróleo, Gás Natural e Biocombustíveis",SIORG,155,ATIVO,25281,122,108
108,MME,MINISTÉRIO DE MINAS E ENERGIA,108,MME,MINISTÉRIO DE MINAS E ENERGIA,273855,ANSN,AUTORIDADE NACIONAL DE SEGURANÇA NUCLEAR,SIORG,578,ATIVO,273855,26,108
108,MME,MINISTÉRIO DE MINAS E ENERGIA,124,ANEEL,AGÊNCIA NACIONAL DE ENERGIA ELÉTRICA,124,ANEEL,Agência Nacional de Energia Elétrica,SIORG,154,ATIVO,21089,,124
108,MME,MINISTÉRIO DE MINAS E ENERGIA,181,ANM,AGÊNCIA NACIONAL DE MINERAÇÃO,181,ANM,Agência Nacional de Mineração,SIORG,156,ATIVO,222120,,181
202,MMULHERES,MINISTÉRIO DAS MULHERES,202,MMULHERES,MINISTÉRIO DAS MULHERES,81200,MMULHERES,MINISTERIO DAS MULHERES,SIAPE,1,,308815,,202
202,MMULHERES,MINISTÉRIO DAS MULHERES,202,MMULHERES,MINISTÉRIO DAS MULHERES,202,MMULHERES,Ministério das Mulheres,SIORG,241,ATIVO,308815,,202
193,MPA,MINISTÉRIO DA PESCA E AQUICULTURA,193,MPA,MINISTÉRIO DA PESCA E AQUICULTURA,58000,MPA,MINISTERIO DA PESCA E AQUICULTURA,SIAFI,365,ATIVO,72083,33,193
193,MPA,MINISTÉRIO DA PESCA E AQUICULTURA,193,MPA,MINISTÉRIO DA PESCA E AQUICULTURA,13200,MPA,MINISTERIO DA PESCA E AQUICULTURA,SIAPE,560,,308795,,193
193,MPA,MINISTÉRIO DA PESCA E AQUICULTURA,193,MPA,MINISTÉRIO DA PESCA E AQUICULTURA,193,MPA,Ministério da Pesca e Aquicultura,SIORG,240,ATIVO,308795,,193
210,MPI,MINISTÉRIO DOS POVOS INDÍGENAS,21,FUNAI,FUNDAÇÃO NACIONAL DOS POVOS INDÍGENAS,30202,FUNAI,FUNDACAO NACIONAL DO INDIO,SIAFI,302,ATIVO,173,139,21
210,MPI,MINISTÉRIO DOS POVOS INDÍGENAS,21,FUNAI,FUNDAÇÃO NACIONAL DOS POVOS INDÍGENAS,30202,FUNAI,FUNDACAO NACIONAL DO INDIO,SIAPE,346,NÃO INFORMADO,173,139,21
210,MPI,MINISTÉRIO DOS POVOS INDÍGENAS,210,MPI,MINISTÉRIO DOS POVOS INDÍGENAS,17200,MPI,MINISTERIO DOS POVOS INDIGENAS,SIAPE,550,,308824,,210
210,MPI,MINISTÉRIO DOS POVOS INDÍGENAS,210,MPI,MINISTÉRIO DOS POVOS INDÍGENAS,210,MPI,Ministério dos Povos Indígenas,SIORG,232,ATIVO,308824,,210
210,MPI,MINISTÉRIO DOS POVOS INDÍGENAS,21,FUNAI,FUNDAÇÃO NACIONAL DOS POVOS INDÍGENAS,21,FUNAI,Fundação Nacional dos Povos Indígenas,SIORG,225,ATIVO,173,,21
200,MPO,MINISTÉRIO DO PLANEJAMENTO E ORÇAMENTO,2,IBGE,FUNDAÇÃO INSTITUTO BRASILEIRO DE GEOGRAFIA E ESTATÍSTICA,25205,IBGE,FUND.INST.BRASILEIRO DE GEOG.E ESTATISTICA,SIAFI,531,ATIVO,3,172,2
200,MPO,MINISTÉRIO DO PLANEJAMENTO E ORÇAMENTO,3,IPEA,INSTITUTO DE PESQUISA ECONÔMICA APLICADA,61201,IPEA,INSTITUTO DE PESQUISA ECONOMICA APLICADA,SIAFI,397,ATIVO,7,2,3
200,MPO,MINISTÉRIO DO PLANEJAMENTO E ORÇAMENTO,3,IPEA,INSTITUTO DE PESQUISA ECONÔMICA APLICADA,25206,IPEA,INSTITUTO DE PESQUISA ECONOMICA APLICADA,SIAFI,469,ATIVO,7,,3
200,MPO,MINISTÉRIO DO PLANEJAMENTO E ORÇAMENTO,3,IPEA,INSTITUTO DE PESQUISA ECONÔMICA APLICADA,45206,IPEA,INSTITUTO DE PESQUISA ECONOMICA APLICADA,SIAPE,426,NÃO INFORMADO,7,2,3
200,MPO,MINISTÉRIO DO PLANEJAMENTO E ORÇAMENTO,2,IBGE,FUNDAÇÃO INSTITUTO BRASILEIRO DE GEOGRAFIA E ESTATÍSTICA,45205,IBGE,FUND. INST. BRASIL. GEOG. E ESTATISTICA,SIAPE,315,NÃO INFORMADO,3,172,2
200,MPO,MINISTÉRIO DO PLANEJAMENTO E ORÇAMENTO,200,MPO,MINISTÉRIO DO PLANEJAMENTO E ORÇAMENTO,17300,MP,MINISTERIO DO PLANEJAMENTO E ORCAMENTO,SIAPE,573,,308804,,200
200,MPO,MINISTÉRIO DO PLANEJAMENTO E ORÇAMENTO,3,IPEA,INSTITUTO DE PESQUISA ECONÔMICA APLICADA,3,IPEA,Instituto de Pesquisa Econômica Aplicada,SIORG,199,ATIVO,7,,3
200,MPO,MINISTÉRIO DO PLANEJAMENTO E ORÇAMENTO,200,MPO,MINISTÉRIO DO PLANEJAMENTO E ORÇAMENTO,200,MPO,Ministério do Planejamento e Orçamento,SIORG,235,ATIVO,308804,,200
200,MPO,MINISTÉRIO DO PLANEJAMENTO E ORÇAMENTO,2,IBGE,FUNDAÇÃO INSTITUTO BRASILEIRO DE GEOGRAFIA E ESTATÍSTICA,2,IBGE,Fundação Instituto Brasileiro de Geografia e Estatística,SIORG,198,ATIVO,3,,2
204,MPOR,MINISTÉRIO DE PORTOS E AEROPORTOS,159,ANTAQ,AGÊNCIA NACIONAL DE TRANSPORTES AQUAVIÁRIOS,68201,ANTAQ,AGENCIA NACIONAL DE TRANSPORTES AQUAVIARIOS,SIAFI,316,ATIVO,54843,233,159
204,MPOR,MINISTÉRIO DE PORTOS E AEROPORTOS,159,ANTAQ,AGÊNCIA NACIONAL DE TRANSPORTES AQUAVIÁRIOS,39251,ANTAQ,AGENCIA NACIONAL DE TRANSPORTES AQUAVIARIOS,SIAFI,387,ATIVO,54843,233,159
204,MPOR,MINISTÉRIO DE PORTOS E AEROPORTOS,161,ANAC,AGÊNCIA NACIONAL DE AVIAÇÃO CIVIL,52201,ANAC,AGENCIA NACIONAL DE AVIACAO CIVIL,SIAFI,427,ATIVO,86144,,161
204,MPOR,MINISTÉRIO DE PORTOS E AEROPORTOS,161,ANAC,AGÊNCIA NACIONAL DE AVIAÇÃO CIVIL,20214,ANAC,AGENCIA NACIONAL DE AVIACAO CIVIL,SIAFI,466,ATIVO,86144,,161
204,MPOR,MINISTÉRIO DE PORTOS E AEROPORTOS,204,MPOR,MINISTÉRIO DE PORTOS E AEROPORTOS,49100,MPOR,MINISTERIO DE PORTOS E AEROPORTOS,SIAPE,528,,308817,,204
204,MPOR,MINISTÉRIO DE PORTOS E AEROPORTOS,161,ANAC,AGÊNCIA NACIONAL DE AVIAÇÃO CIVIL,52201,ANAC,ANAC,SIAPE,331,NÃO INFORMADO,86144,97,161
204,MPOR,MINISTÉRIO DE PORTOS E AEROPORTOS,159,ANTAQ,AGÊNCIA NACIONAL DE TRANSPORTES AQUAVIÁRIOS,39251,ANTAQ,ANTAQ,SIAPE,373,NÃO INFORMADO,54843,233,159
204,MPOR,MINISTÉRIO DE PORTOS E AEROPORTOS,159,ANTAQ,AGÊNCIA NACIONAL DE TRANSPORTES AQUAVIÁRIOS,159,ANTAQ,Agência Nacional de Transportes Aquaviários,SIORG,167,ATIVO,54843,,159
204,MPOR,MINISTÉRIO DE PORTOS E AEROPORTOS,161,ANAC,AGÊNCIA NACIONAL DE AVIAÇÃO CIVIL,161,ANAC,Agência Nacional de Aviação Civil,SIORG,203,ATIVO,86144,,161
204,MPOR,MINISTÉRIO DE PORTOS E AEROPORTOS,204,MPOR,MINISTÉRIO DE PORTOS E AEROPORTOS,204,MPOR,Ministério de Portos e Aeroportos,SIORG,243,ATIVO,308817,,204
206,MPS,MINISTÉRIO DA PREVIDÊNCIA SOCIAL,97,INSS,INSTITUTO NACIONAL DO SEGURO SOCIAL,37202,INSS,INSTITUTO NACIONAL DO SEGURO SOCIAL,SIAFI,263,ATIVO,1934,80,97
206,MPS,MINISTÉRIO DA PREVIDÊNCIA SOCIAL,155,PREVIC,SUPERINTENDÊNCIA NACIONAL DE PREVIDÊNCIA COMPLEMENTAR,33206,PREVIC,SUPERINT.NACIONAL DE PREVIDENCIA COMPLEMENTAR,SIAFI,281,ATIVO,105915,31,155
206,MPS,MINISTÉRIO DA PREVIDÊNCIA SOCIAL,206,MPS,MINISTÉRIO DA PREVIDÊNCIA SOCIAL,33000,MPS,MINISTERIO DA PREVIDENCIA SOCIAL,SIAFI,455,ATIVO,1930,79,206
206,MPS,MINISTÉRIO DA PREVIDÊNCIA SOCIAL,206,MPS,MINISTÉRIO DA PREVIDÊNCIA SOCIAL,33100,MPS,MINISTERIO DA PREVIDENCIA SOCIAL,SIAPE,572,,308819,,206
206,MPS,MINISTÉRIO DA PREVIDÊNCIA SOCIAL,97,INSS,INSTITUTO NACIONAL DO SEGURO SOCIAL,57202,INSS,INSTITUTO NACIONAL DE SEGURO SOCIAL,SIAPE,320,NÃO INFORMADO,1934,80,97
206,MPS,MINISTÉRIO DA PREVIDÊNCIA SOCIAL,155,PREVIC,SUPERINTENDÊNCIA NACIONAL DE PREVIDÊNCIA COMPLEMENTAR,33206,PREVIC,PREVIC,SIAPE,37,NÃO INFORMADO,105915,31,155
206,MPS,MINISTÉRIO DA PREVIDÊNCIA SOCIAL,155,PREVIC,SUPERINTENDÊNCIA NACIONAL DE PREVIDÊNCIA COMPLEMENTAR,155,PREVIC,Superintendência Nacional de Previdência Complementar,SIORG,157,ATIVO,105915,,155
206,MPS,MINISTÉRIO DA PREVIDÊNCIA SOCIAL,206,MPS,MINISTÉRIO DA PREVIDÊNCIA SOCIAL,206,MPS,Ministério da Previdência Social,SIORG,246,ATIVO,308819,,206
206,MPS,MINISTÉRIO DA PREVIDÊNCIA SOCIAL,97,INSS,INSTITUTO NACIONAL DO SEGURO SOCIAL,97,INSS,Instituto Nacional do Seguro Social,SIORG,214,ATIVO,1934,,97
18,MRE,MINISTÉRIO DAS RELAÇÕES EXTERIORES,25,FUNAG,FUNDAÇÃO ALEXANDRE DE GUSMÃO,35201,FUNAG,FUNDACAO ALEXANDRE DE GUSMAO,SIAFI,418,ATIVO,299,140,25
18,MRE,MINISTÉRIO DAS RELAÇÕES EXTERIORES,25,FUNAG,FUNDAÇÃO ALEXANDRE DE GUSMÃO,35201,FAG,FUNDACAO ALEXANDRE DE GUSMAO,SIAPE,309,NÃO INFORMADO,299,140,25
18,MRE,MINISTÉRIO DAS RELAÇÕES EXTERIORES,18,MRE,MINISTÉRIO DAS RELAÇÕES EXTERIORES,35000,MRE,MINISTERIO DAS RELACOES EXTERIORES,SIAPE,482,NÃO INFORMADO,263,41,18
18,MRE,MINISTÉRIO DAS RELAÇÕES EXTERIORES,25,FUNAG,FUNDAÇÃO ALEXANDRE DE GUSMÃO,25,FUNAG,Fundação Alexandre de Gusmão,SIORG,159,ATIVO,299,,25
18,MRE,MINISTÉRIO DAS RELAÇÕES EXTERIORES,18,MRE,MINISTÉRIO DAS RELAÇÕES EXTERIORES,18,MRE,Ministério das Relações Exteriores,SIORG,158,ATIVO,263,,18
26,MS,MINISTÉRIO DA SAÚDE,27,FIOCRUZ,FUNDAÇÃO OSWALDO CRUZ,36201,FIOCRUZ,FUNDACAO OSWALDO CRUZ,SIAFI,419,ATIVO,315,66,27
26,MS,MINISTÉRIO DA SAÚDE,135,ANS,AGÊNCIA NACIONAL DE SAÚDE SUPLEMENTAR,36213,ANS,AGENCIA NACIONAL DE SAUDE SUPLEMENTAR,SIAFI,421,ATIVO,45013,57,135
26,MS,MINISTÉRIO DA SAÚDE,106,FUNASA,FUNDAÇÃO NACIONAL DE SAÚDE,36205,FUNASA,FUNDACAO NACIONAL DE SAUDE,SIAPE,327,NÃO INFORMADO,2207,83,106
26,MS,MINISTÉRIO DA SAÚDE,127,ANVISA,AGÊNCIA NACIONAL DE VIGILÂNCIA SANITÁRIA,36207,ANVS,AGENCIA NACIONAL DE VIGILANCIA SANITARIA,SIAPE,310,NÃO INFORMADO,36687,258,127
26,MS,MINISTÉRIO DA SAÚDE,27,FIOCRUZ,FUNDAÇÃO OSWALDO CRUZ,36201,FIOCRUZ,FUNDACAO OSWALDO CRUZ,SIAPE,411,NÃO INFORMADO,315,66,27
26,MS,MINISTÉRIO DA SAÚDE,135,ANS,AGÊNCIA NACIONAL DE SAÚDE SUPLEMENTAR,36208,ANS,ANS,SIAPE,311,NÃO INFORMADO,45013,57,135
26,MS,MINISTÉRIO DA SAÚDE,26,MS,MINISTÉRIO DA SAÚDE,25000,MS,MINISTERIO DA SAUDE,SIAPE,386,NÃO INFORMADO,304,205,26
26,MS,MINISTÉRIO DA SAÚDE,27,FIOCRUZ,FUNDAÇÃO OSWALDO CRUZ,27,FIOCRUZ,Fundação Oswaldo Cruz,SIORG,160,ATIVO,315,,27
26,MS,MINISTÉRIO DA SAÚDE,26,MS,MINISTÉRIO DA SAÚDE,26,MS,Ministério da Saúde,SIORG,35,ATIVO,304,,26
26,MS,MINISTÉRIO DA SAÚDE,135,ANS,AGÊNCIA NACIONAL DE SAÚDE SUPLEMENTAR,135,ANS,Agência Nacional de Saúde Suplementar,SIORG,163,ATIVO,45013,,135
26,MS,MINISTÉRIO DA SAÚDE,127,ANVISA,AGÊNCIA NACIONAL DE VIGILÂNCIA SANITÁRIA,127,ANVISA,Agência Nacional de Vigilância Sanitária,SIORG,162,ATIVO,36687,,127
26,MS,MINISTÉRIO DA SAÚDE,106,FUNASA,FUNDAÇÃO NACIONAL DE SAÚDE,106,FUNASA,Fundação Nacional de Saúde,SIORG,161,ATIVO,2207,,106
205,MT,MINISTÉRIO DOS TRANSPORTES,158,ANTT,AGÊNCIA NACIONAL DE TRANSPORTES TERRESTRES,39250,ANTT,AGENCIA NACIONAL DE TRANSPORTES TERRESTRES,SIAFI,307,ATIVO,54793,264,158
205,MT,MINISTÉRIO DOS TRANSPORTES,160,DNIT,DEPARTAMENTO NACIONAL DE INFRAESTRUTURA DE TRANSPORTES,39252,DNIT,DEPTO. NAC. DE INFRA-ESTRUTURA DE TRANSPORTES,SIAFI,308,ATIVO,54844,168,160
205,MT,MINISTÉRIO DOS TRANSPORTES,160,DNIT,DEPARTAMENTO NACIONAL DE INFRAESTRUTURA DE TRANSPORTES,39252,DNIT,DNIT,SIAPE,351,NÃO INFORMADO,54844,168,160
205,MT,MINISTÉRIO DOS TRANSPORTES,205,MT,MINISTÉRIO DOS TRANSPORTES,49200,MTR,MINISTERIO DOS TRANSPORTES,SIAPE,4,,308818,,205
205,MT,MINISTÉRIO DOS TRANSPORTES,158,ANTT,AGÊNCIA NACIONAL DE TRANSPORTES TERRESTRES,39250,ANTT,ANTT,SIAPE,372,NÃO INFORMADO,54793,264,158
205,MT,MINISTÉRIO DOS TRANSPORTES,205,MT,MINISTÉRIO DOS TRANSPORTES,49200,MT,MINISTERIO DOS TRANSPORTES,SIAPE,318,NÃO INFORMADO,308818,25,205
205,MT,MINISTÉRIO DOS TRANSPORTES,160,DNIT,DEPARTAMENTO NACIONAL DE INFRAESTRUTURA DE TRANSPORTES,160,DNIT,Departamento Nacional de Infraestrutura de Transportes,SIORG,168,ATIVO,54844,,160
205,MT,MINISTÉRIO DOS TRANSPORTES,205,MT,MINISTÉRIO DOS TRANSPORTES,205,MT,Ministério dos Transportes,SIORG,252,ATIVO,308818,,205
205,MT,MINISTÉRIO DOS TRANSPORTES,158,ANTT,AGÊNCIA NACIONAL DE TRANSPORTES TERRESTRES,158,ANTT,Agência Nacional de Transportes Terrestres,SIORG,166,ATIVO,54793,,158
207,MTE,MINISTÉRIO DO TRABALHO E EMPREGO,22,FUNDACENTRO,"FUNDAÇÃO JORGE DUPRAT FIGUEIREDO, DE SEGURANÇA E MEDICINA DO TRABALHO",37201,FUNDACENTRO,FUND.JORGE D.FIGUEIREDO DE SEG.E MED DO TRAB.,SIAFI,456,ATIVO,221,211,22
207,MTE,MINISTÉRIO DO TRABALHO E EMPREGO,22,FUNDACENTRO,"FUNDAÇÃO JORGE DUPRAT FIGUEIREDO, DE SEGURANÇA E MEDICINA DO TRABALHO",57201,F.CENTRO,FUND.JORGE DUPRAT FIG. SEG. MED.TRABALHO,SIAPE,494,NÃO INFORMADO,221,211,22
207,MTE,MINISTÉRIO DO TRABALHO E EMPREGO,207,MTE,MINISTÉRIO DO TRABALHO E EMPREGO,33200,MTE,MINISTERIO DO TRABALHO E EMPREGO,SIAPE,534,,308820,,207
207,MTE,MINISTÉRIO DO TRABALHO E EMPREGO,207,MTE,MINISTÉRIO DO TRABALHO E EMPREGO,207,MTE,Ministério do Trabalho e Emprego,SIORG,249,ATIVO,308820,,207
207,MTE,MINISTÉRIO DO TRABALHO E EMPREGO,22,FUNDACENTRO,"FUNDAÇÃO JORGE DUPRAT FIGUEIREDO, DE SEGURANÇA E MEDICINA DO TRABALHO",22,FUNDACENTRO,"Fundação Jorge Duprat Figueiredo, de Segurança e Medicina do Trabalho",SIORG,213,ATIVO,221,,22
177,MTUR,MINISTÉRIO DO TURISMO,177,MTUR,MINISTÉRIO DO TURISMO,54000,MTUR,MTUR,SIAPE,262,NÃO INFORMADO,72084,92,177
177,MTUR,MINISTÉRIO DO TURISMO,177,MTUR,MINISTÉRIO DO TURISMO,177,MTUR,Ministério do Turismo,SIORG,210,ATIVO,72084,,177
6,PR,PRESIDÊNCIA DA REPÚBLICA,214,ABIN,Agência Brasileira de Inteligência,20114,ABIN,ABIN,SIAPE,497,NÃO INFORMADO,45104,283,214
6,PR,PRESIDÊNCIA DA REPÚBLICA,6,PR,PRESIDÊNCIA DA REPÚBLICA,20101,PR,PRESIDENCIA DA REPUBLICA,SIAPE,417,NÃO INFORMADO,26,238,6
6,PR,PRESIDÊNCIA DA REPÚBLICA,89,VPR,VICE-PRESIDÊNCIA DA REPÚBLICA,20102,VPR,VICE-PRESIDENCIA DA REPUBLICA,SIAPE,279,NÃO INFORMADO,1408,117,89
6,PR,PRESIDÊNCIA DA REPÚBLICA,214,ABIN,Agência Brasileira de Inteligência,214,ABIN,Agência Brasileira de Inteligência,SIORG,25,ATIVO,45104,,214
6,PR,PRESIDÊNCIA DA REPÚBLICA,89,VPR,VICE-PRESIDÊNCIA DA REPÚBLICA,89,VPR,Vice-Presidência da República,SIORG,23,ATIVO,1408,,89
6,PR,PRESIDÊNCIA DA REPÚBLICA,6,PR,PRESIDÊNCIA DA REPÚBLICA,6,PR,Presidência da República,SIORG,22,ATIVO,26,,6
